Client ID,Name,Age,Location ID,Joined Bank,Banking Contact,Nationality,Occupation,Fee Structure,Loyalty Classification,Estimated Income,Superannuation Savings,Amount of Credit Cards,Credit Card Balance,Bank Loans,Bank Deposits,Checking Accounts,Saving Accounts,Foreign Currency Account,Business Lending,Properties Owned,Risk Weighting,BRId,GenderId,IAId
IND81288,Raymond Mills,24,34324,06-05-2019,Anthony Torres,American,Safety Technician IV,High,Jade,75384.77,17677.95,1,484.54,776242.92,1485828.64,603617.88,607332.46,12249.96,1134475.30,1,2,1,1,1
IND65833,Julia Spencer,23,42205,10-12-2001,Jonathan Hawkins,African,Software Consultant,High,Jade,289834.31,17398.92,1,2256.88,1270615.43,641482.79,229521.37,344635.16,61162.31,2000526.10,1,3,2,1,2
IND47499,Stephen Murray,27,7314,25-01-2010,Anthony Berry,European,Help Desk Operator,High,Gold,169935.23,42825.90,2,4568.74,1052715.84,1033401.59,652674.69,203054.35,79071.78,548137.58,1,3,3,2,3
IND72498,Virginia Garza,40,34594,28-03-2019,Steve Diaz,American,Geologist II,Mid,Silver,356808.11,5473.15,2,4205.00,121195.06,1048157.49,1048157.49,234685.02,57513.65,1148402.29,0,4,4,1,4
IND60181,Melissa Sanders,46,41269,20-07-2012,Shawn Long,American,Assistant Professor,Mid,Platinum,130711.68,48077.60,1,3779.49,1048301.95,487782.53,446644.25,128351.45,30012.14,1674412.12,0,3,1,2,5
IND78532,Samuel Hudson,23,13204,07-02-2019,Douglas Tucker,American,Help Desk Technician,High,Silver,118326.96,6028.20,2,5148.56,601902.50,1307269.41,745627.74,238310.37,15615.18,1556031.06,1,2,1,1,6
IND95683,Timothy Alexander,46,42910,02-06-2002,Douglas Tucker,Asian,Account Coordinator,High,Gold,57336.47,13929.16,1,959.90,208909.69,41200.18,60588.50,24639.33,3045.78,154111.62,1,1,1,2,7
IND40785,Carl Martin,78,6127,03-11-2000,Steve Diaz,European,Automation Specialist II,Mid,Gold,65125.80,31077.80,1,4576.58,1140704.80,156983.13,53889.73,46813.78,51979.19,1171456.68,0,2,2,2,8
IND13570,Philip Day,67,32656,07-04-2015,Bruce Butler,Asian,Software Test Engineer II,High,Silver,87849.47,9385.35,1,78.62,803444.46,1242347.22,328334.62,279528.12,27125.28,464560.28,0,1,2,2,9
IND53299,Jason Sims,51,28340,20-11-1995,Joe Price,European,Geologist III,Mid,Silver,65369.36,27364.80,3,4836.86,60027.90,317246.67,111532.03,115869.39,48043.52,908583.94,2,1,3,1,10
IND76263,Amy Martinez,55,40459,18-10-2014,Adam Hernandez,European,Administrative Officer,High,Jade,74966.51,16928.73,1,493.32,214327.82,37979.77,19335.16,52204.92,10539.79,353119.93,3,1,3,1,11
IND56452,David Johnston,73,25563,12-09-2005,Chris Armstrong,American,Database Administrator II,Mid,Jade,111449.06,17480.19,2,392.59,580468.51,749007.94,204991.65,513425.24,22904.91,294397.85,0,2,3,2,12
IND28766,Wayne Foster,45,35687,17-03-2018,Joshua Ryan,African,Staff Scientist,Low,Silver,115637.19,10848.60,1,5055.31,815250.64,616330.93,208277.35,138738.22,6336.65,972455.46,3,1,3,2,13
IND17897,Carlos Moore,44,19554,02-01-1996,Paul Larson,American,Programmer I,High,Jade,124434.78,26146.00,2,5211.37,984792.50,802862.97,263714.11,174051.32,68855.49,835554.83,0,2,3,2,14
IND86325,Lisa Johnston,36,33368,05-06-2020,Mark Montgomery,Asian,Software Test Engineer I,High,Platinum,260795.34,11584.68,1,2866.34,310876.62,116399.86,69072.45,67077.02,48101.13,1136169.30,1,2,3,1,15
IND74197,Andrew Mills,55,27913,06-01-2021,Shawn Wallace,European,Actuary,Mid,Silver,78892.52,32369.71,1,4882.13,1510860.64,317542.21,134344.78,71284.16,20708.55,2283081.57,3,2,3,1,16
IND28503,Jack Coleman,61,9505,22-06-2014,Ernest Rivera,Asian,Staff Accountant II,High,Silver,257120.22,16263.99,1,8614.06,436988.44,2446251.57,1273391.23,253337.83,80698.26,1128082.14,1,3,4,2,17
IND56539,Aaron Day,56,36232,19-01-2020,Gregory Simmons,Asian,Assistant Media Planner,Low,Jade,145704.55,3078.27,1,1895.06,384153.37,55118.87,25590.90,64095.37,10492.37,199617.82,3,1,4,2,18
IND53604,Kevin Weaver,43,6299,31-03-2019,Frank Brown,American,Staff Accountant I,Low,Jade,34404.16,19668.40,2,5384.70,1102836.16,204450.83,89694.56,35877.82,22452.06,1115542.44,3,1,3,2,19
IND32064,Mary Fox,63,7694,09-03-2009,Adam Hernandez,Australian,Compensation Analyst,Mid,Jade,129060.88,17283.63,1,395.58,1000409.32,966281.34,472404.21,396819.54,37271.05,1631986.90,2,4,1,2,20
IND72934,Carlos Little,41,38321,03-04-2020,Jonathan Hawkins,American,Geologist I,Low,Jade,129981.31,10242.84,2,2383.86,373846.69,38406.80,11024.17,25028.43,24422.10,441603.53,2,1,2,1,21
IND16101,Roger Boyd,58,12772,31-12-2015,Adam Hernandez,European,Web Designer II,High,Jade,123545.42,2984.52,1,2789.44,1400623.12,547459.74,324420.58,42985.73,31481.78,1255331.52,3,2,3,2,22
IND93121,Aaron Marshall,26,28661,14-01-2013,Ernest Rivera,American,Media Manager IV,Mid,Jade,308182.93,64332.66,1,4458.61,649331.84,103871.63,77431.58,133711.12,12045.07,176113.98,0,5,4,2,1
IND93310,Cheryl Stewart,21,8767,23-05-2021,Victor Martinez,European,Accounting Assistant II,High,Gold,122579.41,10312.54,1,4959.36,963017.56,1115098.09,368467.20,721419.98,11782.22,861771.26,1,2,1,1,2
IND71301,Anne Nguyen,41,14954,19-09-2021,Joshua Ryan,American,Programmer II,High,Jade,30942.07,4469.98,1,3338.64,276532.77,132960.52,108193.36,22381.69,23955.90,622223.70,0,1,1,2,3
IND21279,Christopher Evans,36,24058,20-03-2013,Adam Hernandez,European,Administrative Assistant IV,High,Jade,50651.56,8097.25,3,509.21,278071.37,302540.60,94771.75,153748.94,16732.39,430027.77,3,1,1,2,4
IND98618,Maria Clark,34,8623,29-01-2014,Joe Hanson,Asian,Help Desk Operator,High,Silver,502309.08,69381.00,2,10639.31,1469913.23,1724818.30,507299.50,1168238.27,75592.25,2143826.06,0,4,2,1,8
IND35589,Jimmy Simpson,52,38270,08-01-2018,George Lewis,European,Geological Engineer,High,Jade,87019.73,11316.50,2,1253.68,273944.56,192711.78,54150.42,73580.86,21530.91,772573.60,1,1,2,2,9
IND40198,Louise Sanders,78,29119,24-05-2005,Shawn Cook,European,Junior Executive,Low,Jade,246615.84,35332.00,3,5835.26,622181.88,765153.59,552072.84,308192.24,29778.58,1078308.29,0,3,3,2,10
IND49616,Angela Alvarez,34,31338,22-08-2016,Patrick Graham,Australian,Biostatistician IV,Low,Jade,130023.36,15464.38,1,219.19,366887.14,447804.62,221138.08,271999.84,31010.83,787555.56,0,1,3,1,11
IND55475,Henry Grant,75,21778,06-04-2013,Anthony Simpson,European,Software Test Engineer I,Low,Jade,82703.81,8635.67,2,8521.80,842201.38,2098819.50,990288.08,424345.83,32253.44,272858.21,3,4,3,1,12
IND61272,Larry Foster,47,34773,10-12-2020,Raymond Alexander,European,Internal Auditor,High,Gold,137256.09,18322.92,2,1050.56,1035297.66,976553.21,180073.64,471515.90,34284.83,469532.28,0,1,3,2,13
IND33884,Carol GoPKRalez,34,29287,29-05-2021,Carl Nguyen,European,Chemical Engineer,High,Platinum,224640.75,57090.72,3,3550.74,1091959.45,828226.52,532945.76,127330.83,61733.24,454281.87,1,3,3,1,14
IND53121,Timothy Stanley,79,29278,15-02-2021,Joshua Little,American,Accountant III,High,Jade,147292.91,24297.42,1,4097.62,105266.65,187826.40,35438.94,70287.24,7805.91,1112746.46,3,1,3,2,15
IND25680,Billy Wilson,73,99,25-09-2017,Dennis Morris,European,Registered Nurse,High,Platinum,263248.97,47651.76,2,7069.16,693956.23,1420246.29,554930.67,235234.17,1624.19,2518271.85,3,3,3,2,1
IND55454,Kathleen Riley,80,20746,28-11-2017,Benjamin Kim,European,Cost Accountant,Low,Jade,193690.93,11655.54,2,3610.42,50809.39,342138.31,255463.27,174627.40,4469.13,626121.90,2,2,4,1,2
IND96454,Bobby Jenkins,73,15809,05-03-2014,Nicholas Cunningham,European,Developer IV,Low,Gold,91243.05,37750.72,3,6660.85,122158.61,2137439.34,639548.78,1273038.67,12504.17,411062.27,2,3,4,2,3
IND14292,Arthur Burns,51,30376,13-12-2005,Shawn Long,Asian,Accounting Assistant II,Low,Platinum,162807.39,70394.40,1,811.96,709300.71,1667444.17,517118.76,274495.08,2337.77,270162.94,2,4,3,1,4
IND67206,Lawrence Richardson,49,38915,13-01-2012,Anthony Simpson,European,Junior Executive,Mid,Gold,193729.94,44815.46,2,2062.15,66053.91,684295.05,337704.05,534461.09,47911.89,992911.86,2,3,1,2,5
IND90177,Julia Roberts,81,5659,08-11-2006,Victor Martinez,European,Software Engineer I,Mid,Platinum,131497.09,15962.66,1,3127.86,57219.90,725666.60,233012.21,506302.25,21798.32,498564.84,0,1,2,2,6
IND60970,Philip Fisher,27,28045,23-12-2001,Carl Nguyen,Asian,Accountant I,High,Gold,319205.91,49416.00,1,9.55,0.00,309361.94,360077.01,135307.81,17710.52,945483.98,3,4,3,1,7
IND24003,Jeffrey Taylor,56,16845,28-02-2020,Anthony Simpson,European,Automation Specialist IV,Mid,Silver,44088.51,32418.88,2,2795.52,1485747.33,396706.92,153723.93,55588.56,40504.26,717420.29,1,2,4,2,8
IND87800,Mark Mccoy,33,20816,24-01-2008,Patrick Graham,European,Biostatistician I,High,Silver,420683.66,24472.55,1,1011.56,820479.90,1818216.16,683649.27,886562.20,14157.73,1549847.59,1,3,1,1,9
IND75987,Timothy Cook,79,30025,11-12-2006,Chris Armstrong,European,Nurse,Low,Jade,32062.52,19653.48,1,1612.82,231528.63,140280.05,170536.53,109748.51,5492.47,352732.73,0,1,1,2,10
IND70083,Larry Green,56,12219,28-08-2016,Benjamin Kim,European,Human Resources Manager,Mid,Jade,92487.65,23690.51,1,2199.18,560657.25,208470.98,49811.65,134675.95,5026.45,407139.68,2,1,1,1,11
IND31444,Edward Gordon,55,33457,31-01-2020,Victor Martinez,European,Analyst Programmer,Mid,Gold,130572.51,49441.92,1,3225.23,120782.42,370436.77,206472.95,264528.29,17000.19,854418.25,0,2,2,1,12
IND70450,Edward Evans,77,31049,21-07-2021,Gregory Simmons,Australian,Database Administrator III,High,Gold,54753.75,5311.00,1,1408.34,80386.11,11363.75,14158.11,4470.98,8745.72,390608.62,1,1,2,2,13
IND47520,Joseph Morrison,49,3444,16-03-2020,George Lewis,Australian,Web Designer III,Mid,Silver,180214.79,9226.35,2,587.71,791256.59,1988033.00,460993.16,783688.37,36763.45,1991318.10,2,2,3,2,14
IND69076,Kathy Wheeler,67,3711,12-11-1996,Anthony Torres,European,Senior Editor,High,Jade,52826.78,26160.46,2,2617.61,385480.43,295345.61,277114.40,86634.71,20544.70,71268.33,2,1,3,2,15
IND53190,Amy Sims,66,30998,02-01-2007,Joshua Bennett,European,Health Coach III,Low,Gold,43622.88,19416.40,1,229.90,39047.14,192729.77,87604.44,223391.32,16286.60,237137.34,0,1,3,1,16
IND58356,Sharon Warren,64,3113,09-01-2018,Phillip Peters,African,Web Developer I,Mid,Silver,142841.26,5405.00,1,3431.39,508939.36,527832.84,450589.01,171867.52,12316.33,542464.52,0,2,3,1,17
IND33691,Nicholas Gilbert,49,30551,07-04-2009,Douglas Tucker,African,Systems Administrator III,High,Silver,90437.66,12737.40,3,2830.36,573366.17,202406.32,101203.16,80786.52,9723.87,704110.00,2,2,3,1,18
IND20398,Melissa Miller,65,16593,29-09-2008,Jason Duncan,Australian,Biostatistician III,High,Jade,32301.47,5597.40,1,1751.42,310657.96,74293.47,64447.35,14035.20,13795.28,579453.83,1,1,3,1,19
IND54314,Kevin Gomez,32,24168,01-01-2007,Jerry Green,European,Project Manager,Mid,Jade,293419.07,16443.25,1,4496.63,2183384.72,1490773.71,634781.07,281227.25,399.20,1633759.29,2,4,3,2,20
IND74305,Ronald Larson,29,25730,11-12-1999,Bobby Burton,Australian,Software Engineer III,High,Gold,55011.84,14206.20,1,3955.06,479936.38,1209655.58,474674.98,299657.72,43547.80,698612.48,3,1,4,1,21
IND37195,Christine Williams,31,10528,16-04-2015,Joshua Bennett,European,Engineer III,High,Jade,77971.46,7820.40,1,856.21,478157.92,61042.62,29222.53,25358.66,24984.35,487689.45,0,1,4,2,22
IND52609,Angela Roberts,22,30762,09-07-2005,Nicholas Cunningham,European,Health Coach I,High,Jade,84111.51,18940.38,1,156.67,304608.18,130415.95,61947.58,84900.78,3455.22,356683.94,3,1,1,1,1
IND26283,Joshua Hughes,58,95,21-04-2006,Shawn Cook,European,Human Resources Assistant I,High,Jade,98369.29,3050.25,1,1441.89,213195.07,376150.25,235795.68,198629.79,23821.78,312562.61,3,2,2,2,2
IND61913,Joshua Stephens,75,10119,30-08-2012,Samuel Fowler,American,Software Test Engineer II,High,Silver,243490.73,63872.76,1,5578.34,1045569.03,428657.45,214328.73,382765.89,32217.39,1105110.35,1,3,3,1,3
IND35876,Evelyn Ramirez,18,28105,27-09-2006,Frank Brown,American,Web Designer II,Mid,Jade,72431.34,34975.16,1,5303.50,1210753.08,205810.18,127568.29,29765.93,25402.35,1532523.47,0,2,4,1,4
IND19011,Lillian Burns,47,33271,07-11-2003,Paul Larson,European,Sales Associate,Mid,Silver,456003.99,25171.20,2,7969.46,1248952.37,1050537.35,674555.56,237200.27,71113.77,1347657.84,2,4,1,2,8
IND86703,Lillian Bell,41,11172,16-02-2018,Stephen Payne,European,Biostatistician I,High,Platinum,71422.04,32993.52,1,4253.34,315175.42,38234.02,33404.46,7799.74,38428.49,813247.12,2,2,1,2,9
IND23640,Phillip Perez,36,18659,02-04-2018,Benjamin Kim,European,Accounting Assistant III,Low,Jade,39077.38,14707.68,2,1305.38,1187138.91,717787.70,144670.39,242934.97,11997.93,1231614.29,0,2,1,2,10
IND93407,Karen Morrison,84,18123,16-04-2010,Carl Nguyen,European,Dental Hygienist,High,Jade,274099.12,26051.76,2,2461.94,563101.95,0.00,0.00,0.00,4870.24,520918.49,3,2,2,2,11
IND40136,John Cruz,26,27140,25-09-2019,Victor Martinez,European,Developer IV,Mid,Silver,260826.75,53468.10,3,270.60,804359.98,529324.30,295539.40,106261.85,46060.06,296849.18,0,3,2,1,12
IND76215,Joseph Thomas,74,18521,07-01-1999,Jeremy Vasquez,American,Engineer IV,Low,Platinum,334331.81,18591.75,2,1029.30,164253.29,641260.15,500709.98,396615.01,46006.43,1094810.02,1,3,3,2,13
IND93216,Anthony Green,47,40585,11-02-2012,Dennis Ruiz,Asian,Software Consultant,High,Jade,61398.26,20668.94,1,550.75,360003.87,277273.40,305000.74,109324.94,2850.73,118884.97,2,1,3,1,14
IND54572,Terry Hanson,82,4749,11-04-2007,Phillip Peters,European,Software Test Engineer II,High,Gold,63246.30,18575.70,1,2914.18,448652.70,537205.52,362849.34,93209.87,17124.28,237993.70,0,1,3,2,15
IND18649,Norma Perez,25,7639,24-03-2019,George Lewis,European,Accountant II,Mid,Platinum,158091.86,33824.44,3,1080.03,207662.76,177146.44,177146.44,70553.15,17133.59,235133.69,0,2,3,1,1
IND51790,Ann Bradley,44,6517,10-09-2016,Dennis Morris,European,Software Engineer II,Mid,Jade,131729.85,6664.06,2,6215.34,863722.10,359436.79,161746.56,166059.80,41209.82,506592.10,2,2,3,1,2
IND17740,Daniel Morrison,38,38743,18-06-2011,Frank Brown,Asian,Health Coach IV,High,Gold,116926.94,18431.28,2,3828.20,1049088.92,463600.46,200893.53,58413.66,7382.34,1299697.25,1,2,3,2,3
IND49489,Keith Weaver,74,4567,09-08-1995,Nicholas Cunningham,American,Associate Professor,High,Gold,148224.72,27518.00,2,27.81,302048.92,73076.62,28675.63,52337.66,17272.56,456098.92,3,1,3,1,4
IND50658,Patrick Richardson,35,36151,24-08-2021,Roger Alexander,Asian,Computer Systems Analyst I,Mid,Jade,348248.56,65026.00,1,3435.36,1369215.65,450525.37,124963.24,169226.54,6690.97,2698297.83,0,3,4,2,5
IND14798,Beverly Griffin,74,21413,24-09-2014,Shawn Wallace,American,Health Coach I,High,Silver,19637.78,9527.23,2,78.14,24331.27,150917.77,83660.94,40993.86,17286.26,100054.72,0,1,4,1,6
IND60926,Virginia Greene,62,7197,13-12-1995,Phillip Peters,American,Electrical Engineer,Mid,Jade,150304.49,7326.44,1,767.06,523866.09,363305.25,199374.83,224185.92,33854.22,607800.07,1,2,1,1,7
IND57710,Antonio Ruiz,23,27256,05-11-2003,Ernest Rivera,European,Statistician I,Low,Jade,52109.13,14277.05,1,209.68,205552.05,329191.59,116949.64,88665.16,6681.62,1148304.50,1,1,2,1,8
IND71795,John Chapman,68,21290,23-08-2007,Keith Griffin,European,Programmer Analyst III,Mid,Platinum,156091.75,20609.04,3,382.87,707577.90,435466.02,112495.39,252896.89,35301.62,837133.63,2,1,3,1,9
IND98220,Ruth Bishop,79,3957,24-01-2020,Joe Price,American,Human Resources Assistant II,High,Jade,338383.13,57267.05,1,3505.86,1565513.72,730384.02,497152.15,144603.76,74778.17,884890.55,1,4,4,1,10
IND91662,Alice Chavez,29,39668,21-02-2019,Jerry Green,European,Assistant Professor,High,Silver,198553.59,20851.74,1,5581.31,414518.57,1144704.01,696263.26,570935.88,40208.75,1522411.23,3,4,1,2,11
IND18901,Heather Palmer,52,374,05-11-2002,Stephen Payne,European,Accounting Assistant III,Mid,Silver,190119.93,47110.05,1,3525.21,527884.11,99616.37,122860.19,23741.90,6920.94,136723.47,1,2,1,1,12
IND49888,Louis Banks,68,31302,26-01-2003,Paul Larson,American,Administrative Assistant I,Mid,Jade,147956.79,52216.52,1,2977.86,701005.58,720211.85,302231.76,279467.92,23058.96,1504310.04,3,2,1,2,13
IND76081,Bobby Gordon,41,23190,02-01-2010,Nicholas Cunningham,Australian,Geologist IV,Mid,Gold,91071.75,33111.54,1,8062.65,677123.94,558283.30,298923.34,147703.30,7880.76,1554534.94,0,2,2,1,14
IND93705,Randy Gardner,70,18488,28-10-2020,Paul Holmes,American,Help Desk Operator,Mid,Gold,96545.37,23191.74,1,3386.45,1104753.03,1268890.97,630243.86,252097.54,39556.05,1941061.87,3,2,2,1,15
IND52847,Eric Burke,32,8566,19-06-2015,Samuel Fowler,Asian,Assistant Media Planner,High,Jade,63765.00,11354.00,1,2644.75,1012372.67,1568405.32,541210.29,478805.43,62053.29,1665045.85,3,2,3,2,16
IND24592,Martin Shaw,47,10123,18-09-2007,Carl Nguyen,American,Technical Writer,Mid,Jade,191715.40,31923.72,1,1296.45,402401.84,269460.70,316098.13,121257.32,19337.29,673780.44,0,2,3,1,17
IND31656,Phillip Hansen,83,633,28-01-2012,Dennis Ruiz,Asian,Human Resources Assistant I,Mid,Silver,218312.27,21480.88,2,5886.56,1757312.99,1099352.83,389770.55,402363.14,30773.91,735797.50,1,5,3,1,18
IND85060,Randy Wheeler,24,8325,15-02-2006,Roger Alexander,European,Software Consultant,High,Platinum,157167.47,31498.25,1,1909.30,597244.53,262988.54,128881.80,51169.56,42714.80,836453.63,3,1,3,1,19
IND89139,Matthew Brown,84,23184,09-07-2014,Joshua Ryan,European,Administrative Assistant IV,Low,Gold,101929.59,13019.30,1,1163.81,614181.30,445914.24,137911.62,373280.79,12590.02,516128.95,3,1,3,2,20
IND81423,Dennis Hanson,29,24727,01-03-2009,Benjamin Kim,American,Recruiter,High,Jade,40985.49,19729.50,3,646.13,358194.38,186144.38,114664.94,37333.12,13412.63,222160.88,1,1,3,1,21
IND85541,Alan Bennett,85,9136,12-09-2018,Dennis Morris,African,Staff Scientist,High,Jade,109218.70,6820.80,1,2767.30,587928.77,198995.43,128873.23,68530.24,13413.79,566786.30,2,1,3,1,22
IND59219,Helen Jenkins,51,10186,30-10-2014,Stephen Payne,European,Web Developer III,High,Jade,174258.52,34182.52,1,5185.78,648432.67,1125389.67,830895.18,198783.78,36318.33,452950.77,3,3,4,1,1
IND43444,Katherine Myers,59,33070,14-11-2018,Shawn Cook,European,Senior Developer,High,Jade,74059.23,14702.60,2,1361.56,374815.99,384271.05,216865.84,124336.41,8446.40,962931.99,2,1,4,2,2
IND85299,Scott Hughes,84,2874,22-07-2019,Shawn Cook,American,Health Coach IV,High,Silver,158874.14,38794.28,1,2366.28,261364.76,127418.48,101648.45,46915.77,40839.46,334072.22,0,2,1,1,3
IND58136,Barbara Larson,69,18759,10-01-2020,Nicholas Simmons,American,Office Assistant II,Mid,Jade,71958.90,13998.90,1,2756.83,124510.61,199185.62,120782.77,81093.97,15957.53,639874.92,1,1,2,2,4
IND35725,Tammy Willis,17,29867,02-11-2012,Jerry Green,European,Operator,High,Jade,189074.19,13258.42,1,4138.78,291504.55,247346.43,81405.16,162184.12,11482.62,358381.36,3,3,3,2,8
IND15648,Aaron Williams,78,12708,06-01-2005,Chris Armstrong,Australian,Software Engineer III,High,Platinum,74408.69,28689.62,2,494.76,24949.10,188138.63,218375.19,61145.05,12141.52,326434.35,2,1,4,2,9
IND48116,Lawrence Gibson,25,2134,06-06-2019,Jonathan Hawkins,African,Dental Hygienist,High,Jade,447928.06,42888.81,1,3074.93,841124.62,611852.17,222491.70,457697.21,33497.73,347546.25,3,5,1,2,10
IND28531,Ronald Burns,61,449,20-08-2001,Joshua Little,Australian,Web Designer I,Mid,Gold,309939.21,51303.60,2,10999.17,1198037.84,1457194.61,691706.30,145258.32,44952.26,3619311.37,3,4,1,2,11
IND45135,Benjamin Boyd,61,27123,22-02-2011,Shawn Cook,American,Editor,Low,Silver,151227.36,25749.75,1,397.40,455965.07,212193.82,276609.80,79800.03,13699.11,796820.24,2,2,1,1,12
IND72586,Craig Wagner,48,31328,08-11-2016,Raymond Alexander,Asian,Analog Circuit Design manager,High,Jade,401412.67,48428.15,2,3172.65,1511484.73,827446.85,498247.56,399309.83,51370.22,155806.11,3,5,2,1,13
IND80929,Mary Austin,35,12694,20-10-2021,Joshua Ryan,European,VP Marketing,High,Silver,263452.26,17416.80,1,3107.16,0.00,687595.13,297957.89,507980.00,16429.39,980875.66,2,2,2,1,14
IND40714,Steven Wilson,21,40567,10-05-2004,James Castillo,European,Senior Editor,Low,Silver,404760.25,41342.34,2,4733.35,1022752.85,425498.09,212749.04,145323.96,64179.71,477400.93,0,3,3,1,15
IND48405,Joe Lawrence,23,5800,19-12-2004,Dennis Morris,European,Civil Engineer,High,Gold,122608.89,31945.22,1,226.91,248995.76,167320.36,182304.28,54616.36,24666.31,166961.63,2,2,3,2,1
IND52634,Willie Price,24,25890,10-12-2008,Douglas Tucker,European,Media Manager I,Mid,Jade,72688.95,5604.02,1,2577.26,44247.13,47024.48,16596.87,24784.67,24564.97,362233.80,1,1,3,2,2
IND18163,Kevin Perez,50,31222,18-05-2020,Frank Brown,European,Nurse,Mid,Gold,96295.61,23986.83,1,1323.88,311472.63,193153.03,136197.65,60174.60,21291.85,396610.18,2,2,3,2,3
IND94008,Ruth Cook,20,32556,14-12-1996,Roger Alexander,American,Accountant III,Mid,Jade,127182.69,10617.09,3,3142.39,92065.37,781027.69,183771.22,567065.49,24086.65,613018.84,2,1,3,2,4
IND53034,Bruce Vasquez,49,28065,19-05-1996,Bruce Porter,European,Senior Quality Engineer,High,Gold,86309.17,19088.42,1,954.95,184129.95,136811.36,39799.67,71888.15,11832.68,506381.30,2,1,3,1,5
IND91806,Joe Lawrence,42,18610,04-04-2021,Steve Diaz,American,Engineer IV,Mid,Gold,39039.16,35780.30,1,1286.88,429795.64,217684.78,110466.90,253034.18,13282.16,83301.84,2,2,3,2,6
IND25702,Christopher Cox,76,15463,06-12-2015,Patrick Graham,American,Administrative Assistant IV,Mid,Silver,302021.94,5907.20,3,825.52,1259346.41,462110.27,75017.90,137282.76,23172.43,2366879.70,1,2,4,1,7
IND67912,Russell Lawson,66,29994,21-08-2003,Anthony Torres,European,Internal Auditor,Mid,Silver,274381.44,26955.98,1,4251.72,665570.32,1124343.31,488444.23,424485.68,47412.87,1827431.05,2,2,4,2,8
IND76171,Jacqueline Williamson,42,22631,17-06-1996,Adam Hernandez,European,Software Test Engineer III,Mid,Silver,122710.90,20009.16,1,4783.55,763332.61,129332.34,48804.66,76867.33,14130.27,334266.15,2,2,1,2,9
IND34798,Craig Myers,29,41743,14-02-2020,Victor Martinez,European,VP Accounting,High,Jade,120617.67,15025.68,1,1932.43,575222.32,588831.44,455869.50,122324.98,16839.35,970188.11,2,1,2,1,10
IND93920,Paul Riley,22,23157,11-11-2016,Bobby Burton,European,Statistician I,Mid,Jade,108847.47,7393.47,1,2935.23,129402.67,257681.31,177419.92,294010.15,18533.78,640916.40,3,2,3,2,11
IND18628,Patrick Ruiz,36,3323,29-01-2021,Joshua Little,Asian,Accountant II,High,Platinum,93309.60,22124.70,2,937.31,695931.26,858197.40,319474.94,168820.58,30101.04,935708.81,3,1,4,2,12
IND42134,Ann Henderson,35,37517,27-11-2006,Paul Holmes,American,Biostatistician III,Low,Silver,131076.39,13731.44,1,6092.06,256672.86,325915.34,109714.07,159730.79,53942.10,1750716.49,2,3,1,2,13
IND92265,George Nguyen,84,29835,21-04-2001,Benjamin Kim,Asian,Information Systems Manager,Mid,Jade,83441.32,2173.28,1,862.35,322636.11,198962.55,37398.97,133514.34,1917.33,432785.25,1,1,1,2,14
IND77317,Michael Perkins,48,14844,04-08-2021,Frank Brown,European,Programmer Analyst II,Mid,Platinum,359386.37,4756.08,1,2420.87,1546378.41,1190649.75,872458.87,163201.13,75357.40,168061.17,2,3,1,2,15
IND60176,Eugene Ryan,25,41105,31-07-2011,Joshua Bennett,Asian,Accounting Assistant IV,Mid,Jade,113118.57,12160.50,2,1536.54,641964.66,1029868.13,340871.85,349792.54,6328.91,433718.35,3,1,2,1,16
IND51597,Janet Gordon,20,26593,10-07-2008,Jesse Evans,European,Programmer Analyst IV,Low,Platinum,110102.32,12255.54,1,1513.51,37756.80,136175.35,151887.89,91289.86,5837.49,469924.54,1,2,2,1,17
IND33238,Ruby Oliver,79,26406,07-08-2004,Anthony Torres,European,Health Coach IV,Low,Jade,343198.66,27522.88,1,4049.93,140800.99,758995.41,582243.06,306509.38,11408.94,637394.98,0,3,3,2,18
IND18364,Peter Riley,24,14468,04-06-2021,Stephen Payne,European,Computer Systems Analyst IV,Mid,Gold,139310.32,37632.90,3,2109.05,252780.62,94179.54,113664.97,26792.46,10164.28,303349.11,2,2,3,1,19
IND92467,Philip Hanson,32,41694,30-01-2017,Jonathan Hawkins,Asian,Speech Pathologist,Mid,Silver,89269.83,18376.20,3,329.22,32037.08,199933.91,199933.91,152113.65,1727.52,154043.36,3,1,3,2,20
IND60476,Carolyn Ross,76,37286,08-03-2011,Gregory Simmons,European,Statistician IV,Low,Silver,75161.91,13911.24,2,2286.76,557461.27,25563.15,16645.77,11901.73,18131.52,491968.85,3,1,3,2,21
IND61025,Pamela Bailey,40,11151,10-08-2000,Mark Montgomery,Asian,Paralegal,Mid,Gold,124589.37,23297.54,1,468.20,124046.99,346256.75,400359.37,129413.46,22425.85,717391.36,0,2,3,1,22
IND55955,Shirley Chavez,43,20600,14-04-1999,Gregory Simmons,American,Editor,Mid,Silver,435632.17,37078.86,1,3008.92,424214.25,71187.94,76882.97,56978.82,10069.15,961426.38,0,4,3,2,1
IND75964,Daniel Harris,71,22925,10-09-2018,Phillip Peters,European,Programmer Analyst IV,High,Silver,88221.82,12126.95,1,5284.59,918742.14,542037.00,348097.16,156643.72,15380.77,1451850.52,3,2,3,2,2
IND17939,Ryan Gray,29,18807,17-04-2001,Anthony Berry,Asian,Civil Engineer,High,Jade,48788.15,30341.94,1,872.32,1099020.48,1385972.00,511219.18,337404.66,53970.25,536373.73,1,2,4,1,3
IND49363,Phillip Morales,66,41568,23-08-2021,Phillip Peters,European,Administrative Officer,High,Silver,324199.84,27648.39,1,365.06,557907.89,507996.38,369451.91,74814.01,12758.36,359677.70,3,3,4,1,4
IND93355,Henry Wood,61,15256,07-08-2003,Joshua Bennett,European,Health Coach III,Mid,Jade,282658.49,30651.24,1,10127.28,436116.47,989380.39,512232.40,227346.98,57308.34,588222.31,1,2,1,2,8
IND65845,Norma Austin,24,8942,01-01-1999,Bruce Porter,African,Administrative Officer,High,Silver,274736.56,45424.80,2,641.87,702014.71,147575.13,105053.48,139270.90,30227.92,865724.13,0,2,2,2,9
IND26284,Kathryn Johnson,23,31544,07-06-2005,Ernest Rivera,Asian,Systems Administrator IV,Mid,Gold,147339.86,27029.67,1,3638.15,245108.44,149314.45,121975.18,53879.38,4424.42,959192.19,0,2,3,2,10
IND24774,Dennis Berry,48,15098,01-11-2021,Raymond Alexander,Asian,Budget/Accounting Analyst I,High,Jade,81683.44,23580.90,2,2171.31,418824.88,959454.45,644753.39,73686.10,37787.75,742030.19,1,1,4,2,11
IND12731,Rachel Adams,26,26908,04-01-2002,Frank Brown,Asian,Senior Financial Analyst,High,Jade,76005.30,40640.60,2,5570.90,495739.92,606032.72,399981.60,103025.56,30266.72,172313.94,0,2,1,2,12
IND93115,Adam Robertson,70,14612,15-12-2003,Paul Larson,European,Software Test Engineer II,Low,Gold,206026.56,3094.20,2,2470.82,818737.34,630729.90,411037.46,357177.38,23541.92,256471.12,3,2,1,2,13
IND85411,Jack Morrison,85,33602,29-10-1996,Jeremy Vasquez,Asian,Product Engineer,High,Jade,288440.81,5937.12,1,1909.77,397326.42,265216.00,168773.82,263367.53,15874.00,654569.82,2,2,1,1,14
IND58620,Raymond Collins,37,5929,23-09-2006,Roy Rice,Asian,Staff Scientist,Mid,Platinum,57825.32,47025.14,2,3151.39,627597.93,972403.54,395038.94,328186.19,73866.70,1634407.30,2,2,2,2,15
IND86466,John Hart,31,30879,10-12-2002,Raymond Alexander,African,Systems Administrator IV,High,Jade,412837.04,62194.60,1,7104.71,927808.29,1251565.58,441729.03,428967.97,104897.64,958339.06,0,5,2,2,1
IND67594,Christina Alvarez,85,40787,03-11-2016,Todd Roberts,European,Data Coordiator,Low,Jade,130272.52,20605.37,3,1928.39,230291.87,124809.29,82050.55,32508.20,34351.10,985553.24,0,1,3,2,2
IND34060,Rebecca Perkins,37,25142,22-12-1999,Jason Duncan,European,Assistant Professor,High,Gold,360800.21,18238.48,1,526.42,338782.79,34504.45,45616.05,8748.93,27404.41,520344.88,2,3,3,2,3
IND93556,Jonathan Hanson,71,5443,14-05-2015,Jason Duncan,Asian,Dental Hygienist,High,Silver,35234.55,15378.90,3,3792.07,144620.71,441638.95,115353.46,257073.42,23225.95,387030.32,0,1,3,2,4
IND98512,Christine Graham,72,34042,17-08-2011,Joshua Little,European,Account Representative I,High,Gold,95828.94,9459.79,2,1871.16,312519.52,267545.78,93925.65,236464.93,2184.53,824674.14,0,1,3,1,5
IND52571,Katherine Young,35,37025,25-02-2003,Benjamin Kim,African,Health Coach II,High,Gold,146788.50,39834.50,1,2397.24,122986.19,640602.91,367870.98,223767.04,27457.36,1002791.63,3,2,3,1,6
IND37643,Jeremy Freeman,56,30085,13-10-2010,Jeremy Vasquez,Australian,Help Desk Operator,High,Jade,70386.82,49752.78,1,4733.41,1229595.68,325521.19,190930.70,86670.02,39190.01,1637999.56,3,2,3,1,7
IND54218,Joseph Butler,19,20483,23-07-2020,Donald Reynolds,Australian,Administrative Assistant II,Mid,Jade,54632.70,6161.40,1,833.75,60365.86,90680.46,34781.55,76916.90,6030.41,412083.07,3,1,3,1,8
IND61793,Brian Smith,26,40266,07-09-2020,Shawn Cook,European,Staff Accountant III,Mid,Jade,390608.46,51660.00,2,6590.61,1303392.78,81313.25,54839.17,36534.23,35486.35,1703047.68,2,4,4,2,9
IND36608,Kimberly Schmidt,34,5278,28-11-2016,Anthony Torres,European,Account Representative I,High,Silver,209330.69,12650.79,1,2424.38,469557.50,185097.77,157333.10,105814.22,62.59,187166.54,2,2,4,1,10
IND48488,Carol Warren,75,1920,19-07-2005,Donald Reynolds,Asian,Mechanical Systems Engineer,High,Jade,112683.73,5161.20,2,5247.15,832861.83,1070053.58,716470.66,173348.68,26418.79,1165504.97,1,2,1,2,11
IND67225,Jean Austin,68,8973,21-12-2020,Shawn Long,European,Registered Nurse,Low,Silver,231396.28,40382.64,2,757.41,113522.57,569570.56,577946.60,251867.45,6840.20,1228111.17,1,2,2,2,12
IND82919,John Simpson,62,26692,28-06-2015,Jerry Green,Asian,Staff Accountant III,Mid,Jade,49986.85,19271.46,1,3557.99,181563.18,94786.29,28061.73,38070.41,14690.77,191065.76,2,1,3,2,13
IND77016,Heather Phillips,83,27671,13-03-2013,Bobby Burton,Australian,Automation Specialist III,High,Jade,179434.37,4757.76,3,3449.09,391545.22,224823.63,284776.60,95325.22,9890.30,730708.22,0,2,4,2,14
IND75034,Doris James,30,569,30-05-2011,Anthony Simpson,American,VP Product Management,High,Jade,111485.60,15780.76,2,1768.32,109518.69,386551.75,206941.85,190855.05,42470.60,810263.16,1,2,1,2,15
IND90860,Anna Welch,51,43235,20-01-2000,Shawn Wallace,European,Business Systems Development Analyst,High,Gold,131121.99,33075.99,1,4267.35,738628.08,628660.20,487211.65,352364.04,10644.07,968501.52,1,2,1,1,16
IND73867,Jack Harris,32,17602,25-09-2019,Samuel Fowler,European,Accountant II,Low,Jade,224722.41,19388.05,2,690.58,1398446.98,378083.17,191631.20,69349.78,75949.35,1531982.67,1,2,1,2,17
IND27930,Joshua Porter,22,1542,26-06-1995,Ernest Rivera,African,Teacher,High,Silver,82651.24,9350.64,1,1039.59,172491.89,780674.58,223049.88,229271.80,2813.19,285502.46,2,1,2,1,18
IND35620,Anna Duncan,58,33139,30-08-2019,Ernest Rivera,Asian,Marketing Assistant,High,Gold,21090.76,4114.32,2,1386.56,149157.79,60794.50,27357.52,34044.92,19680.19,427414.18,2,1,2,2,19
IND91353,Mark Garza,31,7074,21-06-2007,Victor Martinez,American,Human Resources Assistant I,High,Platinum,337249.36,19296.70,1,2617.08,484229.73,678377.59,196948.33,413153.83,52707.38,1545597.19,1,4,3,1,20
IND97689,Paula Ray,57,39015,21-06-2018,Roger Alexander,European,Structural Engineer,High,Jade,107655.52,38404.02,1,1045.18,624915.32,405753.40,171664.90,428694.08,1194.27,655845.68,0,2,3,2,21
IND77331,Rebecca Murray,64,35870,23-10-2005,Victor Ramos,Asian,Programmer Analyst IV,Mid,Jade,224839.07,4873.51,2,3693.38,816590.42,469279.74,373833.02,446849.76,25010.46,490030.51,0,3,3,1,22
IND71401,Michelle Rose,82,35626,20-03-2015,Phillip Peters,European,Research Associate,High,Silver,84089.47,8018.40,1,1815.03,237269.07,28379.41,33734.01,20010.16,602.74,243516.78,2,1,3,1,1
IND66104,George Thomas,84,41002,08-09-2002,Chris Armstrong,European,Quality Control Specialist,Low,Platinum,246327.38,28068.00,1,2661.56,878592.94,74747.86,46607.49,39677.92,48436.61,462837.75,0,3,3,1,2
IND36471,Carlos Martin,24,40756,04-01-2012,James Castillo,European,Environmental Specialist,Mid,Jade,157380.50,4309.76,1,691.74,1017636.33,1236148.34,658677.58,170534.33,46020.33,1144712.10,2,2,3,1,3
IND81572,Christopher West,19,34514,21-06-2012,Adam Hernandez,American,Automation Specialist II,High,Jade,94278.19,19980.75,2,628.53,135261.87,908877.70,376851.73,797373.92,24220.55,1013471.42,2,3,3,2,4
IND94055,Joan Bishop,48,38941,29-11-2012,Paul Holmes,Asian,Administrative Assistant IV,High,Gold,439472.87,36385.95,2,917.32,858150.92,329460.18,173400.10,312120.17,16741.09,535785.29,0,4,4,1,8
IND88778,Albert Bryant,17,785,25-01-2018,James Castillo,European,Structural Analysis Engineer,High,Jade,309468.80,24993.15,1,1974.36,801630.51,822290.12,590771.54,240779.32,60404.97,1488976.70,1,2,4,1,9
IND68221,Paula Perkins,61,2845,15-12-2001,Victor Ramos,Asian,Programmer I,Mid,Jade,384142.67,34698.56,1,4193.47,572900.89,270551.98,145681.83,197156.08,47953.37,193773.28,1,3,1,2,10
IND58681,Andrew Williams,73,27591,06-11-1995,Shawn Cook,European,Software Test Engineer II,Mid,Silver,107365.62,14408.16,3,2695.40,172396.97,137641.66,74358.14,75465.60,9218.44,402594.38,2,1,2,2,11
IND54970,Amy Ryan,28,42186,22-08-2018,Dennis Morris,European,Structural Analysis Engineer,High,Gold,128148.71,12681.24,1,1332.05,121833.56,34050.76,46031.58,14641.83,12705.66,383125.01,3,1,3,1,12
IND26450,Albert Cruz,81,11094,24-06-2003,Dennis Ruiz,Asian,Statistician I,High,Jade,208965.85,53907.62,1,5767.77,511241.45,557088.29,432689.93,67066.94,39350.76,227001.45,1,3,4,2,13
IND28733,Chris Larson,74,9369,09-06-2017,Stephen Payne,European,Speech Pathologist,High,Jade,50054.16,4521.90,3,389.45,276227.71,91304.24,39311.55,55999.93,11444.98,43473.89,2,1,1,2,14
IND91334,Sean Myers,49,36619,03-10-2013,Dennis Ruiz,European,Pharmacist,Low,Jade,29125.26,28117.39,2,4248.30,723573.68,285173.39,151436.90,53376.59,24406.01,406859.75,2,1,1,2,15
IND61397,Carol Duncan,74,26887,28-04-2021,Nicholas Simmons,European,Developer I,High,Gold,60970.29,18932.48,2,707.11,196012.67,502813.34,306060.29,120675.20,23474.77,293613.77,1,1,1,1,1
IND65691,George Price,43,32480,11-05-2004,Joe Price,Australian,Paralegal,Mid,Jade,133180.88,27623.46,1,4027.35,510992.70,691698.96,145620.83,359475.43,15138.47,670259.88,2,1,2,2,2
IND19666,John Daniels,50,29591,02-07-2019,Chris Armstrong,European,Web Developer II,Mid,Jade,71186.04,13756.86,2,4363.01,1267067.32,453483.46,241658.95,31743.84,73828.50,752241.86,2,3,2,1,3
IND76794,Carolyn Tucker,74,37248,18-04-2000,Joshua Ryan,European,Payment Adjustment Coordinator,High,Gold,111956.47,24675.67,1,1971.89,556782.54,258024.28,246023.15,56705.34,17993.57,567031.76,1,1,3,1,4
IND77195,Bruce Banks,83,25436,17-09-2011,Joshua Bennett,American,Information Systems Manager,High,Platinum,175192.75,50740.24,1,2620.99,777960.39,1118146.53,396433.77,657266.86,11312.00,1117329.49,3,2,3,2,5
IND36167,Norma Sanchez,57,3002,03-09-2018,Chris Armstrong,American,Account Coordinator,High,Jade,148469.07,43771.52,1,513.37,96667.90,253711.48,284331.83,107171.23,26628.77,716626.10,3,2,3,1,6
IND76489,Tina Franklin,40,13507,19-04-2002,Dennis Morris,European,Account Executive,High,Silver,288372.70,7674.80,1,4381.44,1369221.00,297694.66,64500.51,192757.29,63160.44,1068170.04,3,2,3,1,7
IND23438,Lillian Ellis,21,19568,08-11-2008,Ernest Rivera,European,Software Test Engineer IV,High,Silver,266530.81,21990.30,1,447.05,467686.80,834515.64,219609.38,388708.60,9180.93,985045.41,2,2,3,2,8
IND82705,Andrew Long,27,26899,06-09-2012,Anthony Simpson,European,Social Worker,Low,Jade,78054.21,18705.00,1,2462.62,443193.19,698949.39,143374.23,335137.27,38769.59,768206.09,0,1,3,1,9
IND67912,Mildred Patterson,56,34075,27-04-2021,Donald Reynolds,Asian,Senior Financial Analyst,High,Jade,189555.93,22685.02,2,1723.34,457331.90,64132.44,28963.04,72986.86,41997.15,1220064.99,3,5,3,1,10
IND33202,Fred Ford,82,41599,05-03-2019,Carl Nguyen,European,Engineer IV,Low,Jade,58989.70,11962.08,1,1451.77,238669.58,840089.65,154753.36,266617.93,34111.49,0.00,0,1,4,2,11
IND19321,Maria Gardner,69,15899,14-04-2021,Chris Armstrong,European,Engineer IV,Mid,Jade,192727.18,19953.70,1,4306.71,703469.39,1110950.29,498986.15,243373.43,35074.14,1713942.80,3,2,4,2,12
IND81583,Judith Matthews,64,23770,20-01-2019,Nicholas Simmons,European,Media Manager I,High,Gold,258577.76,37668.72,1,1672.26,372833.03,502106.34,222524.40,379375.57,40969.10,479087.54,1,2,1,1,13
IND46105,Jack Sullivan,38,9970,26-05-2015,Jesse Evans,Asian,Statistician III,Low,Jade,456100.04,57323.63,1,2551.95,348975.03,461512.76,363616.12,265160.06,28117.69,1345870.73,3,4,2,2,14
IND21098,Jason Woods,83,8380,12-11-1996,Paul Holmes,Asian,Community Outreach Specialist,Mid,Jade,238781.13,38376.42,1,4957.84,916634.56,1211730.47,976443.00,113996.78,12450.75,285914.61,2,2,3,2,15
IND47710,Jesse Richards,41,9302,02-08-2002,Benjamin Kim,Asian,Financial Advisor,Mid,Jade,339802.57,59287.13,1,5457.24,389702.54,254722.43,265049.01,63336.39,36141.73,1023580.23,0,3,4,1,16
IND42043,William Cruz,40,26207,15-07-2003,Steve Diaz,European,Health Coach IV,High,Silver,138500.69,31907.84,1,3299.68,777274.72,2426964.89,439887.39,807724.25,101659.01,1868307.68,0,3,1,2,17
IND49707,Gary Garcia,36,22194,22-12-2012,Victor Ramos,European,Actuary,Mid,Silver,385028.64,30937.60,2,3364.86,926133.76,436763.03,252503.63,352549.66,3252.22,225850.88,1,3,1,2,18
IND27394,Nancy James,50,10683,21-11-2019,Chris Armstrong,European,Research Nurse,Mid,Platinum,147230.17,19263.88,1,116.05,431461.64,86604.91,53923.81,67878.64,17677.45,504046.50,0,2,1,2,19
IND86832,Laura Gray,68,26420,28-05-2020,Carl Nguyen,European,Analyst Programmer,Mid,Platinum,131962.80,10259.67,1,4450.75,547003.72,561714.63,236175.47,458435.74,11136.97,973558.95,0,2,2,2,20
IND34869,Shawn Lane,50,362,20-03-2004,Raymond Alexander,European,Engineer III,Mid,Jade,173052.06,35318.52,3,5.74,85486.26,289060.89,152413.93,76154.41,11728.35,980616.85,0,2,2,1,21
IND24876,Albert Woods,31,34051,03-05-2007,Anthony Berry,Asian,Research Assistant II,High,Gold,144729.34,30974.79,1,9300.76,546156.31,399326.74,128730.33,80390.78,55348.32,1594072.17,1,2,3,2,22
IND87901,Daniel Welch,79,9512,06-02-2001,Benjamin Kim,European,Web Designer III,Mid,Gold,259866.83,29786.74,1,1128.64,442798.14,968239.86,746166.50,163445.99,41568.05,372524.68,2,2,3,1,1
IND56584,Barbara Gomez,30,24308,23-09-2008,Nicholas Simmons,African,Information Systems Manager,High,Gold,277568.27,5312.50,1,3295.41,1238071.92,389773.14,287201.26,108315.91,46840.65,906190.23,2,4,3,1,2
IND43476,Richard Reynolds,42,34405,08-11-1996,Dennis Morris,European,Systems Administrator III,High,Silver,105030.50,3942.88,2,3290.86,520453.41,887296.88,184853.52,327806.90,4826.85,718061.56,3,1,3,2,3
IND92423,Larry Kelley,24,33113,31-05-2011,Adam Hernandez,European,Research Assistant I,High,Jade,46666.15,18698.85,1,4987.80,892919.79,1138431.29,468290.88,403537.56,15969.10,185979.56,1,2,3,1,4
IND64291,Victor Black,65,23179,27-01-1995,Bobby Burton,African,Media Manager III,High,Jade,36972.06,9079.68,1,3727.74,117948.40,1192095.13,509524.53,424731.96,32780.04,986870.17,1,2,3,2,8
IND49463,Shawn Bennett,49,4961,20-01-2015,Victor Martinez,European,Media Manager II,Mid,Silver,26263.14,6226.56,1,3576.77,210488.51,272517.77,144644.05,53287.71,3155.36,141708.74,0,1,3,2,9
IND58198,Jeffrey James,69,38329,06-09-2021,Anthony Simpson,European,Senior Financial Analyst,Mid,Jade,150128.79,4140.92,2,623.39,700025.06,143853.26,75522.96,12802.94,30303.33,1708598.98,2,2,4,2,10
IND90041,Richard Sanchez,55,21056,18-09-2013,Patrick Graham,Asian,Developer II,High,Silver,287122.28,15789.44,1,397.56,250880.72,553397.32,394375.10,282805.11,13139.92,1021626.66,0,2,4,1,11
IND55402,Howard Simmons,70,27682,25-04-2020,Dennis Morris,European,Automation Specialist IV,High,Jade,63251.04,19842.94,3,2199.70,495320.34,433211.84,166619.94,217439.02,22191.46,309608.00,0,1,3,2,12
IND58643,Lillian Fisher,33,10565,18-01-2009,Frank Brown,European,Software Engineer IV,Mid,Gold,341966.25,61537.71,1,3460.56,621046.15,149507.53,97573.33,53822.71,60734.53,2075443.99,2,4,1,1,13
IND17528,Bobby Bradley,66,18394,17-05-2006,Joshua Little,Asian,Quality Engineer,Mid,Silver,156213.39,20226.48,1,2675.34,1646375.26,1628718.42,1025964.36,138505.19,82576.78,1658464.35,0,2,2,2,14
IND98400,Mark Henderson,28,14336,05-06-2021,Bruce Butler,Asian,Speech Pathologist,Mid,Jade,94158.33,48129.60,2,95.99,390594.19,370924.28,241907.14,366623.71,3489.44,962024.52,1,3,3,2,15
IND43327,Juan Hamilton,74,41415,28-08-2009,Dennis Ruiz,European,Human Resources Assistant IV,Mid,Gold,38120.11,22574.57,1,1946.76,69403.24,435733.32,317722.21,103486.66,15585.68,738313.44,3,1,4,2,1
IND77723,Bruce Peterson,65,42859,05-10-2002,Victor Ramos,American,Tax Accountant,High,Silver,91644.67,10116.64,1,1128.11,240786.00,310811.18,141277.81,149754.48,22730.00,1430955.43,2,2,1,1,2
IND33585,Philip Cox,64,15462,09-07-2003,Victor Ramos,European,VP Marketing,High,Jade,247618.12,32999.38,2,9685.54,1703777.63,2568583.27,1394373.78,299423.42,55777.32,1146609.81,3,2,1,2,3
IND27105,Bruce Greene,43,12342,27-04-2018,Benjamin Kim,European,Database Administrator I,Mid,Jade,37071.94,28886.88,2,1109.81,356463.10,508775.28,300639.94,100367.49,38155.17,1166359.17,3,2,1,1,4
IND86081,Alice Gibson,22,3869,23-02-1996,Patrick Graham,European,Marketing Manager,Mid,Silver,502742.17,51208.12,2,3210.86,1099619.74,397889.37,258422.99,171502.63,38996.10,601702.48,3,5,2,2,5
IND47439,Samuel Myers,51,36707,08-04-2020,James Castillo,American,Office Assistant II,High,Jade,127957.23,5475.55,1,953.95,399714.66,615891.10,296324.97,227763.50,19165.86,615109.81,1,1,2,2,6
IND27269,Kathleen Bradley,75,10806,02-12-2018,Frank Brown,Asian,VP Quality Control,Low,Gold,137103.46,50526.44,1,396.71,952802.25,274935.74,102642.68,163641.75,48305.74,172356.94,2,2,3,1,7
IND97061,Bobby Ryan,50,19756,15-03-2009,Bruce Porter,European,Chemical Engineer,Low,Jade,84376.77,20749.74,3,2511.63,619021.39,223021.79,111510.90,95313.47,15177.64,171393.63,2,1,3,2,8
IND94872,Steven Miller,34,12131,31-01-2001,Phillip Peters,European,Programmer Analyst IV,Low,Gold,59749.61,7175.54,1,848.89,582923.56,410333.54,232785.37,195736.99,35640.32,894663.64,1,1,3,1,9
IND86593,Gregory Johnston,73,17988,12-11-2020,Douglas Tucker,European,Web Developer I,High,Silver,93315.70,30058.95,1,4268.59,458715.34,0.00,0.00,0.00,37508.14,1534082.33,2,2,3,1,10
IND84908,Craig Bell,63,16234,23-05-2008,Keith Griffin,European,Safety Technician I,Mid,Jade,143176.05,19395.60,1,2916.55,865089.01,636679.19,236603.75,216815.07,20589.88,1636903.21,3,2,3,2,11
IND32885,Stephanie Mills,77,36391,29-06-2010,Donald Reynolds,European,Budget/Accounting Analyst II,Low,Gold,282572.60,14326.61,1,4963.57,126525.55,238663.83,70812.34,128275.25,646.28,549063.51,2,2,3,2,12
IND70495,Melissa GoPKRales,66,4421,03-12-2012,Keith Griffin,Australian,Chief Design Engineer,Mid,Platinum,85918.91,8139.74,1,4196.21,173599.50,448356.37,162056.52,378131.88,34870.87,383001.13,1,2,3,2,13
IND45220,Donald Alexander,73,12117,27-01-2005,Jesse Evans,Asian,Civil Engineer,Mid,Jade,61641.57,4504.64,2,2050.56,62056.98,211125.77,185378.73,56231.55,1865.27,452009.85,2,1,4,2,14
IND49684,Ralph Cunningham,70,1582,29-01-2008,Dennis Ruiz,Asian,Web Designer I,High,Jade,69503.13,28797.84,3,444.55,246308.75,247751.56,161413.90,175453.15,8059.39,262550.14,3,1,4,2,15
IND26273,Gregory Cunningham,55,14496,25-12-2017,George Lewis,European,Product Engineer,Mid,Silver,42693.61,8208.36,1,1582.80,551527.19,622135.23,276504.54,182723.42,33443.80,227747.76,2,1,3,2,16
IND99234,Diana Meyer,85,18276,23-12-2004,Phillip Peters,European,Systems Administrator IV,High,Silver,172604.84,57941.64,1,813.96,291661.48,550490.75,595125.13,185976.60,51923.88,940840.40,3,4,1,2,17
IND41611,Terry Bowman,34,6773,30-06-2019,George Lewis,European,VP Accounting,High,Gold,216551.65,6291.81,1,5461.91,117004.83,1510274.84,357696.67,725329.36,9582.94,1064518.19,0,2,2,2,18
IND96915,Mary Arnold,81,6529,25-11-1999,Anthony Berry,American,Product Engineer,Mid,Platinum,140652.04,19839.64,1,2813.37,70599.97,346514.66,269511.40,142071.01,2319.73,149810.53,2,2,3,2,19
IND59595,Charles Porter,81,386,12-10-2020,Stephen Payne,Asian,Social Worker,Mid,Platinum,61720.63,6251.31,2,3899.15,218864.95,606812.23,280702.25,118885.66,17230.62,612629.04,1,1,4,2,20
IND20812,Jason Morgan,47,25885,25-04-2009,Jesse Evans,Asian,Budget/Accounting Analyst IV,High,Jade,45492.89,25014.99,1,3284.70,938754.70,972009.25,368042.34,328123.90,24629.22,473930.91,3,2,1,2,21
IND59202,Kathryn Campbell,41,12207,18-02-2009,Jason Duncan,European,VP Sales,Low,Jade,363577.73,51434.35,1,5129.75,731052.74,508649.83,322383.70,354622.06,35455.63,614125.22,1,4,1,1,22
IND19395,Jeremy Fowler,52,3028,14-07-2002,Roger Alexander,Asian,Administrative Assistant II,Low,Jade,40912.44,26186.40,1,4062.15,90456.75,424422.00,122233.54,119517.24,31105.80,737636.85,2,1,1,1,1
IND38441,Stephen Stewart,73,26699,19-01-2001,Anthony Berry,European,Business Systems Development Analyst,High,Jade,204136.69,38722.25,1,7.11,898207.28,609009.52,309118.47,109621.71,23720.10,1132529.34,2,2,2,2,2
IND80195,Jane Price,31,40474,19-02-2006,Bruce Porter,American,Civil Engineer,Mid,Jade,52754.10,21393.40,2,2723.07,561273.75,620849.97,336732.19,204564.80,5815.51,290928.85,0,1,2,2,3
IND90057,Roy Snyder,17,2290,04-08-2014,Paul Larson,European,Office Assistant I,Mid,Silver,125007.58,29763.12,2,7798.24,1361520.44,1503846.78,541827.15,659812.78,49406.00,294040.11,0,2,3,1,4
IND21309,Joshua Wheeler,81,28807,22-03-2005,Steve Diaz,American,Web Designer I,High,Jade,66270.49,3225.47,1,1723.47,227862.00,84598.86,68184.16,33107.20,2786.28,376337.63,0,1,3,1,8
IND33489,Thomas Barnes,64,15485,17-04-2021,Victor Ramos,European,Marketing Manager,High,Gold,59368.37,30367.35,2,587.97,730796.04,578948.64,254070.99,110458.40,16932.91,766071.12,2,2,3,2,9
IND27091,Rose Myers,47,16697,01-05-2011,Bruce Porter,European,Tax Accountant,Low,Silver,155282.28,22415.11,1,2345.36,400838.50,223771.21,236202.95,46246.05,16386.55,157501.60,1,1,3,2,10
IND37844,Scott Patterson,22,39878,28-09-1996,Keith Griffin,African,Food Chemist,Mid,Silver,273718.71,37893.28,1,4825.92,569916.36,1711330.15,460742.73,451747.28,16989.71,2918539.26,1,5,3,1,11
IND47299,Carl Price,58,28123,22-09-2017,Jason Duncan,European,Database Administrator III,Low,Gold,30131.15,11408.21,1,10.12,205066.72,151071.08,148420.71,93293.02,7800.56,175087.49,0,1,3,2,12
IND19507,Benjamin Wood,30,39107,02-10-2007,Shawn Long,African,Administrative Officer,High,Gold,352767.12,18067.50,2,2354.69,321637.30,219305.24,227137.57,92108.20,14904.85,821211.75,0,2,3,2,13
IND73841,Carlos Ray,66,22077,13-11-2006,James Castillo,American,Automation Specialist III,High,Silver,230627.76,33204.18,2,7191.01,1583634.29,1933423.95,378278.60,1053435.85,63161.33,1317554.38,2,2,4,1,14
IND79955,Beverly Arnold,28,22689,25-03-2018,Roger Alexander,European,Office Assistant II,High,Jade,132987.89,15488.38,1,2065.57,632022.22,242511.71,189791.78,79712.55,32823.48,944514.24,3,2,4,2,15
IND95385,Johnny Campbell,79,6938,22-10-2017,Jonathan Hawkins,European,Assistant Manager,Mid,Gold,408054.76,66808.24,1,6233.94,1143817.65,395367.36,113521.32,336297.13,45525.06,2158734.19,2,4,3,2,1
IND73492,Lori Wilson,81,28172,09-01-2012,Patrick Graham,African,Geologist I,High,Jade,397666.92,41829.06,2,1042.75,483400.01,512980.16,227991.18,597988.30,26417.66,74992.06,3,3,1,2,2
IND38646,Mildred Mason,70,28972,30-08-2014,Paul Holmes,European,Actuary,Mid,Jade,127187.15,30942.37,3,2059.75,277278.40,87108.72,59009.13,58671.94,9987.64,256403.88,0,2,2,1,3
IND89482,Sean Hernandez,40,3836,02-07-2020,Bruce Porter,European,Health Coach I,Mid,Gold,55548.39,7374.90,1,1919.54,244695.40,178785.10,220242.51,45084.94,4742.38,206909.32,3,1,3,2,4
IND27026,Wanda Henderson,57,25472,09-11-2014,Joshua Little,European,Human Resources Assistant I,Low,Jade,90398.53,8791.20,2,1192.51,721798.22,284911.58,398876.21,73869.80,35981.24,247714.85,1,3,4,2,5
IND69949,James Payne,51,10742,23-02-2004,Dennis Morris,Australian,Systems Administrator IV,High,Gold,88518.57,7891.84,2,964.30,631312.79,490144.28,265969.76,112847.17,24846.02,110986.23,3,1,1,1,6
IND84825,Christina Powell,48,20961,28-04-2013,Nicholas Simmons,European,Developer III,Mid,Silver,235108.20,27598.14,1,6791.72,94868.88,629217.11,230905.36,387921.01,74617.93,723146.08,2,4,1,2,7
IND41067,Louis Ramirez,45,2764,15-04-2020,Shawn Cook,European,Office Assistant I,High,Jade,242843.25,11390.62,1,1898.13,992141.23,1241580.58,432336.10,500401.32,16707.06,357398.23,1,2,1,1,8
IND98674,Jesse Rice,39,28106,12-01-2011,Gregory Simmons,American,Paralegal,High,Silver,88405.39,15785.68,1,1863.76,399897.77,372862.00,403094.06,124959.16,1331.76,621081.35,3,1,2,1,9
IND97660,Anne Burton,65,15429,08-11-1999,Bruce Butler,Asian,Developer I,High,Silver,83318.53,12440.52,3,1644.11,83782.98,131201.58,64951.28,79890.07,21339.59,80882.27,3,1,2,2,10
IND82676,Chris Wallace,78,23342,06-05-2020,Shawn Cook,American,Computer Systems Analyst II,High,Gold,33648.25,7178.76,2,1240.75,703436.66,53513.77,12973.04,30324.47,38456.51,1036721.98,1,1,3,2,11
IND88784,Joshua Webb,34,501,21-12-1996,Douglas Tucker,European,Web Developer I,High,Silver,280981.59,47111.34,1,8968.02,1008926.00,1536138.39,485096.33,777078.13,59924.33,634311.81,2,2,3,1,12
IND28479,Betty Hall,53,31096,22-07-1996,Victor Ramos,European,Safety Technician III,High,Gold,170220.87,29354.82,2,608.19,61733.82,773797.13,238724.65,368212.19,49762.37,1600184.18,2,3,3,2,13
IND23784,Robert Simmons,22,28705,04-01-1996,Jesse Evans,Asian,Statistician IV,Mid,Jade,59538.68,13632.06,1,2064.66,137346.30,958605.57,262018.86,222460.40,21243.30,755052.87,2,1,3,2,14
IND42646,Chris Ross,17,14360,03-07-2020,Victor Ramos,European,Recruiter,High,Jade,140111.66,21047.88,1,1892.17,353092.37,977415.21,555349.55,140688.55,37730.80,1308995.50,2,1,3,1,15
IND53717,Rebecca Bowman,50,32498,07-10-2006,Jesse Evans,European,Junior Executive,High,Jade,100505.78,45279.99,3,1413.20,55287.77,61603.09,65779.57,32837.58,34740.20,279086.11,0,2,3,1,16
IND96295,Tina Smith,48,17535,13-07-2006,Victor Ramos,European,Executive Secretary,Mid,Platinum,407658.87,46110.60,1,288.36,413765.28,2064017.38,1358811.44,440667.71,28688.04,2065106.88,2,4,3,1,17
IND41811,Phillip Ramirez,65,6417,14-11-2018,Steve Diaz,Asian,Librarian,Mid,Platinum,218227.83,6990.74,1,1760.51,901417.14,950183.96,375654.12,270691.94,38060.19,1132352.82,1,2,4,2,18
IND45638,Timothy Johnston,26,20753,30-01-2019,Todd Roberts,European,Geologist II,High,Silver,131425.91,19634.79,1,2478.51,191480.31,96516.79,104086.73,66426.26,709.31,723429.92,1,2,4,1,19
IND70297,Matthew Snyder,38,32094,14-09-2007,Joe Hanson,American,Web Developer I,Mid,Jade,177985.98,14040.98,1,1237.24,931663.01,873130.82,324048.55,576086.32,40430.27,105245.09,1,2,1,2,20
IND79201,Christine Allen,52,16640,20-03-2019,Adam Hernandez,European,Human Resources Assistant I,High,Silver,81564.54,30304.40,2,3697.43,916379.23,369789.85,271441.49,130488.61,16668.98,344986.77,2,2,2,2,21
IND17019,Charles Richards,28,26267,05-03-2015,Nicholas Simmons,Asian,Assistant Manager,Mid,Gold,241251.12,61785.90,1,6139.25,328691.19,717212.31,654456.23,128291.35,50692.09,619029.46,0,3,3,2,22
IND20282,Timothy Tucker,23,7295,31-03-2005,Jesse Evans,American,Programmer Analyst III,Mid,Gold,86087.84,1974.32,2,3563.33,776495.99,1721388.65,389748.37,388016.16,52492.83,340324.49,0,1,4,2,1
IND30151,Jose Thomas,65,31777,25-02-2002,George Lewis,American,Statistician IV,Mid,Silver,280477.31,53280.00,2,3296.39,425874.80,1141059.62,279108.11,352168.76,70151.91,234240.37,2,3,1,1,2
IND45419,Bobby Kim,75,20397,10-11-2005,Gregory Simmons,African,Health Coach IV,Mid,Jade,95144.48,13554.60,1,1957.51,168791.52,311802.70,206231.71,30640.14,14935.30,646481.41,2,1,1,2,3
IND78162,Nicole Sanchez,75,17420,25-01-1996,Ernest Rivera,European,Media Manager III,High,Gold,236297.50,5771.52,1,1731.99,360708.10,104336.33,84773.27,25584.14,36848.64,1427206.35,3,2,1,2,4
IND66784,Adam Cook,33,37403,06-12-2012,Shawn Long,European,Developer II,High,Jade,90635.48,18348.33,1,2289.89,780486.52,505712.98,277949.12,104848.58,25680.78,114050.25,2,1,2,1,8
IND97262,Angela Gilbert,72,28330,10-03-2020,James Castillo,Australian,Software Engineer II,Mid,Silver,43925.33,16519.06,1,835.73,262499.18,449640.36,207958.67,435532.89,26525.81,514167.39,0,2,2,2,9
IND33193,Scott Ward,27,41166,26-08-2020,Todd Roberts,European,Accountant IV,High,Jade,80157.37,21503.24,1,1.17,0.00,502316.84,383792.64,121007.56,7429.04,467912.66,0,2,3,2,10
IND94106,Steve Price,49,21408,11-07-1996,Raymond Alexander,American,Help Desk Technician,Mid,Platinum,70540.20,11519.95,2,1889.51,63478.93,515950.02,200062.25,391700.83,27234.16,72544.66,2,1,3,1,11
IND15556,Lawrence Morales,22,10882,26-07-2008,Gregory Simmons,European,Paralegal,High,Jade,252385.91,55804.21,1,1479.88,186590.37,2709947.02,633494.11,585630.11,108607.42,1300585.44,0,3,3,1,12
IND20631,Catherine Weaver,50,32303,24-09-1999,Ernest Rivera,European,Associate Professor,Low,Jade,156566.48,21752.80,1,1898.32,331846.70,281503.39,330654.77,66220.32,12985.56,0.00,0,1,3,1,13
IND13898,Evelyn Taylor,70,6641,07-03-2004,Joshua Bennett,European,Nuclear Power Engineer,High,Platinum,75764.58,15575.04,1,4635.32,158797.50,934525.89,455677.92,161495.34,41753.08,923993.41,3,2,3,2,14
IND46880,Judith Schmidt,71,30163,20-04-2014,Douglas Tucker,European,Analog Circuit Design manager,Mid,Silver,204271.89,44020.04,2,3318.50,172853.89,89494.09,79324.31,17675.08,50720.08,416387.71,2,2,3,1,15
IND57163,Philip Hansen,74,19694,16-04-2014,Roger Alexander,European,Staff Accountant III,High,Gold,201648.22,14404.56,2,951.84,107662.16,621905.52,795223.45,197378.54,27281.80,446940.07,3,5,3,1,1
IND42982,Anthony Wagner,41,41580,29-07-2003,Stephen Payne,Australian,Biostatistician III,High,Jade,315314.03,44429.60,1,5872.62,296790.17,213338.18,252958.13,39376.13,46508.77,1292032.49,3,5,4,1,2
IND51913,Kenneth Cole,18,12618,08-06-2018,Paul Larson,European,Community Outreach Specialist,High,Jade,377580.78,7498.34,3,4179.45,588087.20,161814.09,184133.28,79679.49,45271.09,460631.82,3,4,4,2,3
IND76764,Matthew Marshall,63,8388,01-05-2010,George Lewis,European,Dental Hygienist,High,Jade,298532.44,58122.08,3,857.64,658958.31,934240.45,324124.24,660641.46,83982.12,2181217.36,2,5,1,1,4
IND82314,Scott Tucker,49,20653,31-08-2020,Shawn Long,American,VP Product Management,Mid,Jade,89771.99,22998.46,1,3782.39,785239.04,855645.41,312639.67,259436.08,35581.49,104237.13,1,1,2,2,5
IND82248,Bruce Hicks,72,25797,29-03-2003,Samuel Fowler,Asian,Analog Circuit Design manager,Mid,Gold,390543.25,24477.67,1,9028.34,154049.57,1333928.03,1006509.33,226767.77,38351.35,696843.39,0,4,3,1,6
IND49091,Howard Hill,71,22793,28-11-2003,Ernest Rivera,European,Director of Sales,High,Gold,131274.45,19188.40,1,4158.72,332987.38,635381.90,201611.56,331559.38,71732.15,1813895.54,2,4,4,1,7
IND24529,Earl Murray,40,13495,31-12-2021,Shawn Long,Asian,Programmer I,Mid,Jade,164793.56,21262.85,1,4001.21,1925660.01,382095.46,148457.47,56949.26,113315.05,2442602.17,1,3,1,2,8
IND93171,Jesse Wright,79,39395,24-11-2018,Dennis Ruiz,Asian,Statistician II,Low,Jade,127005.21,11175.75,2,85.58,338482.85,229651.61,254478.81,67033.44,4522.81,193570.57,2,2,1,1,9
IND71818,Beverly Taylor,47,8335,21-08-1999,Samuel Fowler,American,Statistician III,Low,Silver,90051.85,30906.20,2,4230.97,187672.49,447985.61,316511.57,172133.60,30877.37,1049172.34,0,2,1,2,10
IND35821,Irene Barnes,36,13099,31-03-2014,Todd Roberts,European,Chief Design Engineer,High,Silver,125353.08,15580.80,1,2478.36,731631.33,207011.52,122426.17,70116.81,668.76,500477.87,3,2,2,1,11
IND44974,Donna Martin,77,22806,30-07-2002,Bobby Burton,European,Media Manager III,Mid,Silver,46485.80,28551.64,1,232.08,512394.01,225281.67,130718.99,114977.09,24084.22,667723.73,3,2,2,2,12
IND24341,Jacqueline Wells,46,38239,28-07-2014,Chris Armstrong,Asian,Accounting Assistant I,Mid,Jade,54599.92,27873.12,1,2993.76,551546.35,275577.72,112855.64,89759.60,35534.52,600977.16,3,2,3,1,13
IND60293,Frances Cox,66,29051,30-07-2018,Bruce Porter,European,Statistician I,High,Jade,185334.79,54576.28,2,608.72,147615.39,97134.30,107594.92,38076.65,25101.45,877758.23,0,2,3,2,14
IND46675,Jose Williamson,31,40157,18-01-2001,Victor Martinez,Asian,Data Coordiator,High,Silver,68488.91,13326.12,1,1398.85,345182.34,802404.79,479943.05,213274.69,28291.98,862147.51,0,2,3,1,15
IND17984,Gary Bell,18,31814,18-02-2000,Nicholas Cunningham,European,Office Assistant IV,High,Jade,158424.74,28804.72,1,1556.18,966712.93,600275.72,240874.97,76391.78,68672.55,835554.75,1,2,3,2,16
IND23002,Phyllis Berry,44,11734,05-03-2018,Joe Price,Asian,Account Representative II,Mid,Jade,67064.29,13002.15,1,1024.47,540459.44,713832.78,418010.19,132798.62,6756.79,930370.48,1,1,3,1,17
IND70737,Russell Moore,74,31110,15-06-2020,Paul Larson,European,Structural Analysis Engineer,Mid,Jade,253484.85,18608.20,2,2720.34,758463.84,2677607.10,1088893.55,696177.85,18832.26,993212.76,1,2,3,2,18
IND17926,Ryan Austin,21,16964,05-03-2014,Samuel Fowler,Asian,Safety Technician IV,High,Jade,178028.67,56679.84,1,5767.57,213942.23,979092.98,617952.12,99674.88,5526.01,2005100.84,2,2,3,2,19
IND30891,Douglas Freeman,28,33173,21-12-1999,Anthony Torres,American,Geological Engineer,Low,Silver,276465.90,27357.00,2,4708.70,1051216.87,842029.37,412422.55,290414.21,10505.97,246249.05,3,2,4,1,20
IND51261,Ernest Davis,32,6314,05-03-2017,Dennis Ruiz,Australian,Help Desk Operator,Mid,Gold,130585.85,32567.53,1,2471.93,522784.22,744629.03,342765.74,206014.03,18798.04,654281.13,3,1,4,2,21
IND69251,Carl King,76,18877,03-10-2012,Dennis Morris,European,Media Manager I,High,Jade,254376.82,30033.42,1,1431.27,390415.47,285189.07,360238.83,138691.95,5310.54,1100827.92,1,5,1,1,22
IND56740,George Cooper,62,19875,16-11-2020,Phillip Peters,European,Programmer Analyst I,Low,Gold,326097.43,57977.13,2,11795.08,230977.47,2570376.88,599110.40,1173483.34,5866.62,1123859.71,0,5,2,2,1
IND95612,Nicholas Meyer,57,6534,22-03-2021,Anthony Torres,European,Compensation Analyst,Mid,Gold,94054.88,33644.92,1,1816.33,229582.62,349048.33,148414.25,154240.89,33071.82,843246.12,0,4,3,2,2
IND35099,Thomas Hanson,56,20679,21-03-2014,Donald Reynolds,African,Account Representative II,Low,Silver,42249.87,10373.10,2,1339.38,292045.32,0.00,0.00,0.00,26726.49,617304.56,1,1,4,1,3
IND42857,Joe Baker,27,9805,29-05-2007,Gregory Simmons,Australian,Research Assistant II,High,Jade,176579.02,28374.87,1,4132.50,222865.58,323812.22,294814.11,143250.66,42386.44,401802.04,0,2,1,2,4
IND32603,Fred Baker,18,42615,02-10-2009,George Lewis,European,Human Resources Assistant IV,Mid,Jade,284451.44,39205.80,1,4797.09,331162.91,661146.90,589671.56,203526.03,26742.68,739135.37,2,2,1,2,8
IND62569,Karen Reynolds,20,5964,08-04-2014,Jesse Evans,European,Research Assistant IV,Mid,Platinum,84128.44,4384.06,1,2893.81,525364.66,225096.12,206774.34,51117.76,25570.79,531393.14,3,1,1,2,9
IND35181,Patrick Stone,71,3763,13-03-2012,George Lewis,American,Health Coach III,Mid,Platinum,251879.41,26983.64,1,4136.58,417909.05,2066780.57,935331.35,395554.65,48521.98,1168214.65,3,2,2,1,10
IND99256,Ronald Riley,83,40530,09-08-2009,Adam Hernandez,African,Geologist III,High,Gold,149878.40,15027.66,2,845.71,185144.59,206964.23,154282.43,277520.22,11239.64,637463.74,3,2,2,1,11
IND65151,Jose Martin,47,21348,01-04-2020,Patrick Graham,European,Programmer I,Low,Jade,209683.64,33801.56,2,1043.25,80952.86,157298.68,124956.90,20948.66,36332.92,1027468.83,1,2,3,2,12
IND81182,Jonathan Larson,49,41356,05-05-2012,Todd Roberts,African,Statistician II,High,Silver,80357.94,3330.90,3,3933.57,733994.51,632728.68,165264.95,334543.48,5619.96,770146.78,1,1,3,1,13
IND89708,Jose Romero,61,37025,16-02-2006,Dennis Ruiz,Asian,Developer II,Low,Jade,93484.80,39737.40,1,7837.02,1333813.61,475667.32,155108.91,221805.74,53936.75,551738.63,3,2,3,1,14
IND63717,Karen Carr,40,10341,06-07-2015,Anthony Simpson,European,Human Resources Assistant IV,Low,Silver,357044.23,50071.08,1,6260.83,835844.60,113708.65,81976.00,47228.75,15764.18,677672.74,0,3,3,2,15
IND71868,Earl Richardson,74,708,05-12-2021,Jonathan Hawkins,European,Environmental Tech,Low,Silver,409671.26,29437.18,2,4704.16,606101.48,502389.90,204795.88,116349.66,22681.41,1089105.64,0,3,3,2,1
IND32785,Aaron Wilson,18,14050,13-04-2001,Anthony Torres,European,Programmer I,Mid,Silver,86761.12,20849.40,2,2760.37,1152800.59,2434167.78,753015.93,668783.22,94733.06,608463.88,0,3,3,2,2
IND79142,Mark Patterson,31,7141,17-03-2009,Joshua Ryan,European,Programmer II,Mid,Jade,343318.23,26468.52,1,10939.16,771443.04,1702162.84,1002079.74,396576.49,90515.83,1587032.00,3,5,3,2,3
IND59824,Daniel Porter,37,12543,30-01-2020,Mark Montgomery,American,Payment Adjustment Coordinator,High,Jade,26102.92,6053.94,1,3118.91,534231.86,1099013.67,600794.14,120012.29,29252.34,513468.32,0,1,4,1,4
IND37278,Charles Thompson,32,7071,17-08-2018,Shawn Wallace,European,Administrative Assistant III,Low,Jade,231731.40,45854.76,1,9450.66,1628140.28,663468.69,338504.43,80112.72,23323.55,2837008.29,0,3,4,1,5
IND34859,David Fernandez,38,10258,17-06-2019,Nicholas Cunningham,European,Recruiter,High,Jade,171944.38,36222.70,1,2227.87,144972.42,144974.24,96649.49,37512.09,19145.57,806753.30,0,2,1,1,6
IND50054,Catherine Walker,28,26827,10-09-2003,Joe Hanson,European,Office Assistant II,Mid,Platinum,44716.11,22993.80,2,1565.44,327695.03,273886.12,226064.73,171113.61,13964.68,521488.61,3,1,2,1,7
IND62645,Jimmy Evans,28,26133,01-02-2007,Jonathan Hawkins,American,Structural Engineer,High,Silver,82751.25,13481.50,1,1854.19,193510.14,235512.87,53180.33,91850.02,14762.59,496955.58,2,1,3,2,8
IND41646,Joseph Gray,64,19424,29-01-2021,Nicholas Simmons,American,Computer Systems Analyst IV,High,Silver,208878.84,23771.10,1,2633.62,754448.26,1336149.11,687439.04,210588.72,29931.91,505515.61,1,2,4,2,9
IND92575,Bobby Warren,85,41526,17-03-2011,Bruce Porter,Asian,Software Test Engineer I,High,Silver,151936.07,14982.66,2,91.72,563576.57,584228.51,179408.75,333930.30,28985.08,1044870.91,0,2,1,2,10
IND36120,Christine Butler,28,42476,15-12-2007,Anthony Berry,Australian,Recruiter,High,Silver,39515.03,2577.40,2,2085.33,437736.34,426926.01,322465.39,92197.85,8560.84,501499.70,0,1,1,1,11
IND85936,Timothy Price,34,8631,11-12-2007,Adam Hernandez,Asian,Staff Scientist,Low,Gold,99114.16,17043.68,3,560.63,258295.96,127718.62,100171.47,169790.64,12330.98,330177.83,3,1,1,1,12
IND49172,Jean Cooper,41,37801,22-01-2015,Benjamin Kim,African,Graphic Designer,Low,Silver,492748.51,45816.45,1,2956.47,592003.55,398694.71,381105.24,166220.51,25316.24,152034.65,0,5,2,2,13
IND34576,Patrick Howard,48,12878,01-10-2011,Steve Diaz,Asian,Web Designer II,Mid,Jade,133624.84,18375.55,1,1359.27,573098.95,292189.21,180469.81,171961.94,13279.72,264524.00,1,2,2,1,14
IND75884,Samuel Gomez,59,16449,13-09-2013,Patrick Graham,European,Account Representative III,Low,Silver,229363.28,10728.70,2,2386.75,1459530.80,156752.09,93163.98,57451.12,74635.24,2055429.68,2,4,3,1,15
IND41393,Barbara Smith,66,43140,30-09-2002,Mark Montgomery,Australian,Quality Engineer,High,Silver,82926.45,51430.50,2,6875.06,1387659.87,0.00,0.00,0.00,26394.71,1720882.44,0,4,3,1,16
IND67868,Philip Robinson,71,32461,07-05-2001,Joshua Ryan,Asian,Teacher,High,Jade,142846.08,27466.80,2,1542.69,261710.50,177967.69,201307.72,88633.74,2871.27,395005.87,0,2,3,1,17
IND82789,Charles Kelly,76,5401,16-12-2010,Paul Holmes,Asian,Administrative Assistant IV,High,Silver,436829.84,38715.60,2,2030.11,1200919.78,163502.98,173721.91,34029.06,57285.31,436274.50,3,3,3,2,18
IND77478,Ashley Greene,53,33467,11-01-2012,Keith Griffin,European,Social Worker,High,Gold,157640.31,21154.76,2,790.08,937720.91,875102.82,216967.64,536633.30,44400.56,348364.76,2,2,3,2,19
IND57043,Richard Knight,69,19161,05-06-1999,Jesse Evans,American,Professor,Low,Jade,243163.98,18336.00,1,758.48,425661.24,1860597.15,361782.78,818662.75,52488.81,2249791.49,3,2,3,1,20
IND68936,Thomas Hernandez,51,34019,12-11-2015,Nicholas Simmons,European,Accountant IV,High,Jade,75434.29,20579.97,1,161.12,452704.10,92375.97,49267.19,38322.83,19550.18,799505.79,3,1,3,2,21
IND44846,Jessica Thompson,47,5865,12-04-2015,Paul Holmes,European,Geological Engineer,High,Platinum,317895.34,37634.02,1,1540.11,378614.22,677452.10,512928.02,354791.34,19883.67,994680.55,0,3,4,1,22
IND55021,Brandon Morrison,75,27514,18-12-2020,Dennis Ruiz,European,Tax Accountant,High,Jade,77686.01,13902.21,1,8330.96,1316597.15,952781.82,274963.88,313458.83,26215.07,584240.31,2,2,4,1,1
IND30407,Stephanie Oliver,81,18184,03-06-2018,Stephen Payne,Australian,Account Representative I,High,Silver,141027.44,30446.57,1,775.67,866004.94,309035.87,244511.90,61807.17,1484.08,1012817.01,2,3,1,2,2
IND15466,Karen Meyer,76,17561,20-12-2020,Jonathan Hawkins,Asian,Associate Professor,Low,Jade,121206.49,24852.28,2,3497.84,542515.31,1065754.43,714682.38,280356.11,41697.70,546214.17,2,4,2,1,3
IND15083,Frank Ferguson,82,37501,02-03-2007,Joshua Bennett,European,Cost Accountant,High,Gold,140152.04,33774.78,1,7373.11,1208729.22,572741.07,123033.27,156634.08,1415.23,2288946.11,2,3,3,1,4
IND37063,Jesse Dunn,71,40024,12-03-2015,Shawn Wallace,Australian,Safety Technician III,Mid,Jade,197043.62,25437.06,3,4814.98,162005.83,834989.69,767287.82,256364.40,985.66,1541737.47,0,4,4,2,8
IND78066,Linda Long,76,16198,19-11-2000,Jesse Evans,American,Biostatistician I,Low,Jade,96486.38,15747.00,3,1159.31,522574.25,390366.08,327276.61,71054.51,5956.46,166342.01,1,1,1,1,9
IND87900,Joan Martinez,22,14466,10-08-2019,Patrick Graham,European,Senior Editor,Low,Jade,17987.51,12029.58,2,464.78,197326.48,201141.12,224960.46,45653.74,3402.01,367428.04,1,1,1,2,10
IND47950,Justin Hart,52,41420,02-05-2019,Douglas Tucker,European,Office Assistant III,Mid,Jade,302672.57,57277.40,1,11512.75,1580709.52,205369.67,115957.02,19000.19,7278.56,3063954.52,1,5,1,1,11
IND84355,Brandon Davis,59,11844,14-04-2001,Nicholas Simmons,European,Administrative Officer,High,Silver,155402.53,12356.99,2,2494.44,456252.74,334449.40,162936.89,137667.38,38971.31,643943.04,0,1,2,1,12
IND45102,Lisa Alexander,21,30740,31-12-1996,Paul Holmes,American,Physical Therapy Assistant,High,Jade,43815.12,18123.56,1,2300.84,292482.63,375603.21,165100.31,193167.36,1639.38,254205.81,0,1,2,1,13
IND56828,Justin Miller,61,18201,07-12-2010,Dennis Morris,Asian,Accounting Assistant II,Mid,Gold,52253.84,25702.44,2,1879.73,377449.58,443691.73,395982.94,71372.35,26090.46,419656.85,1,1,3,2,14
IND28199,Wayne Lane,56,29082,09-03-2005,Anthony Torres,American,Accounting Assistant III,High,Silver,150041.26,41586.00,1,6302.45,1533133.75,1399795.68,675763.43,182456.13,3604.53,1156148.77,3,2,3,2,15
IND67109,Terry Watson,56,19730,23-01-2015,Douglas Tucker,African,Computer Systems Analyst III,Mid,Jade,86558.08,29076.80,1,2170.28,817889.66,175002.72,80653.43,69377.17,32342.60,166400.40,3,1,3,2,1
IND85846,Johnny Torres,28,18570,30-10-2005,Shawn Long,European,Professor,Mid,Jade,57359.09,9176.40,1,645.54,788268.61,172941.29,93817.82,21713.74,5011.18,359030.72,2,1,3,1,2
IND76900,Jose Fox,70,31088,15-10-2004,Jason Duncan,European,Web Developer III,Low,Gold,384040.15,12587.12,2,9060.28,276335.09,549058.65,328408.91,193966.51,82736.26,2431103.98,0,4,3,1,3
IND87656,Carolyn Rose,27,28760,30-09-1996,Nicholas Simmons,Australian,Food Chemist,High,Silver,159512.38,6399.12,1,2280.38,358797.50,385891.92,264739.81,211567.49,10801.22,683194.37,1,1,3,2,4
IND76306,Louis James,21,3257,30-06-2018,Patrick Graham,Australian,Developer IV,Low,Jade,61901.37,3418.72,1,3705.89,496453.44,616815.00,253485.61,177439.93,10925.59,1287514.29,0,2,3,2,5
IND42135,Kevin Kelley,30,1037,04-05-2013,Victor Ramos,European,Environmental Tech,High,Jade,84406.75,15039.00,2,1801.68,82289.14,357419.79,137469.15,240571.01,3804.49,257335.65,0,2,4,2,6
IND15894,Kevin Medina,43,35162,30-08-2017,Bruce Porter,Asian,Human Resources Assistant IV,Mid,Jade,343263.80,34554.55,1,479.43,400443.08,380432.81,121933.59,190216.41,8338.29,519790.46,2,3,4,1,7
IND81866,Mark Nelson,47,42849,03-06-1995,Jeremy Vasquez,European,Safety Technician I,High,Jade,281200.91,50842.89,1,2473.13,824738.55,48331.62,33621.99,40066.21,45966.17,787864.56,1,3,1,1,8
IND69783,Judith Greene,26,23006,04-06-1999,Joshua Little,Australian,Legal Assistant,High,Gold,39080.45,20456.92,2,3261.39,236826.23,118416.32,82084.04,51955.16,33963.64,167237.88,2,2,2,2,9
IND67788,Shirley Henry,40,26807,22-11-2009,Gregory Simmons,American,Computer Systems Analyst II,Mid,Silver,35113.50,37779.50,2,391.75,404231.00,207152.25,314871.42,97444.42,2637.25,602095.75,2,2,3,1,10
IND29999,Jerry Oliver,19,17244,03-03-2020,Todd Roberts,Asian,Speech Pathologist,High,Silver,141689.81,47517.47,3,8732.91,775554.87,1838008.12,835458.24,362031.90,63127.59,2498273.59,0,3,4,2,11
IND50590,Michael Cunningham,51,16018,29-07-2013,George Lewis,Asian,Web Designer II,Low,Silver,124471.99,23768.64,1,1295.75,689147.83,532977.58,197537.15,145394.79,7110.93,329405.08,1,1,1,1,12
IND64905,Angela Pierce,31,9146,04-02-2018,Jason Duncan,Asian,Paralegal,High,Gold,467025.80,61694.34,1,1953.00,1176441.07,1076630.50,578688.89,728744.27,70580.30,1186496.23,3,5,1,2,13
IND50588,Nicholas Watson,68,15326,08-08-2014,Gregory Simmons,European,Data Coordiator,High,Silver,59563.84,8380.40,1,3084.29,238085.63,925053.09,260171.18,383897.03,19083.78,1244783.62,3,1,1,1,14
IND24058,Barbara Harper,41,4853,03-01-2000,Steve Diaz,Asian,Budget/Accounting Analyst IV,High,Gold,304960.67,53267.68,2,4115.74,1029192.08,437621.19,256054.95,125699.70,32226.87,1302186.45,1,2,2,2,15
IND87992,Walter Matthews,36,31048,29-04-2020,Anthony Torres,European,Geologist I,High,Jade,276516.44,12269.25,1,6397.15,427468.36,346860.26,81759.92,190897.02,46466.41,1569491.66,1,2,2,1,16
IND90735,Jerry Graham,80,41318,29-07-2014,Victor Ramos,European,Staff Accountant IV,Mid,Jade,109051.93,20070.28,1,2548.47,314437.29,250159.57,73910.78,135256.73,38508.39,408638.42,0,1,3,1,17
IND18126,Susan Thompson,63,1454,05-03-2021,Roger Alexander,Asian,Research Assistant III,Mid,Silver,76166.25,4898.79,1,267.87,1364588.66,61344.46,44443.44,9802.60,71470.27,1595668.78,0,3,3,1,18
IND95672,Kenneth Freeman,55,26233,08-06-2006,Victor Ramos,European,Systems Administrator I,Mid,Silver,62219.79,47300.66,3,3792.74,471715.32,386699.09,526710.83,170814.32,30641.89,527962.84,3,2,3,1,19
IND59778,Lillian Nelson,79,38454,03-02-2010,Raymond Alexander,African,Professor,High,Silver,155343.56,60272.10,2,1152.71,565486.31,114149.55,90118.07,27335.81,61536.92,1850387.41,0,3,3,2,20
IND74622,Richard Edwards,49,32157,07-08-2005,Victor Martinez,Asian,Safety Technician I,High,Jade,347462.05,42715.20,1,2469.83,160930.65,495285.81,381427.00,193503.04,53395.24,464353.24,1,4,3,1,21
IND40781,Phillip GoPKRales,81,611,02-12-2021,Jerry Green,Asian,Mechanical Systems Engineer,High,Jade,94766.64,7822.80,1,4469.98,1202896.82,1009283.79,205010.77,431784.22,13635.16,1336414.08,3,2,3,1,22
IND39173,Eugene Austin,40,37837,28-07-2007,Adam Hernandez,European,Data Coordiator,High,Silver,354296.33,10313.28,1,1654.13,403093.76,866009.64,546410.84,353723.70,28919.12,1267574.31,1,2,3,2,1
IND41835,Joseph Burns,31,30634,29-05-2003,Mark Montgomery,African,Staff Accountant IV,High,Jade,373681.17,48392.10,1,12379.01,742802.94,469244.54,153014.52,140263.31,105409.78,2991211.69,2,4,4,1,2
IND13004,Ralph West,83,28861,28-12-2014,Shawn Cook,European,Web Designer III,High,Jade,358008.00,16942.50,1,4027.82,568206.05,424237.27,507799.15,67492.29,28909.49,695986.83,1,3,4,2,3
IND69109,Cheryl Gordon,49,14875,03-08-2008,Victor Ramos,American,Geological Engineer,High,Gold,317479.68,49484.82,1,2589.71,119431.69,859290.28,478213.72,266305.26,51445.78,676196.14,0,2,1,2,4
IND95810,Jimmy Andrews,75,36140,13-07-2002,Paul Holmes,American,Administrative Assistant I,High,Gold,220526.63,31535.25,1,88.03,294138.47,1100759.21,275189.80,525118.59,68948.57,869131.65,3,2,2,2,8
IND81099,Denise Hayes,48,10026,16-02-1999,Mark Montgomery,European,Accountant II,High,Jade,312028.60,28002.51,1,4229.79,343720.88,612080.10,338254.79,509154.00,43799.94,991953.22,1,3,3,2,9
IND76632,Christopher Harper,28,5139,10-11-2010,Adam Hernandez,Australian,Software Engineer II,Low,Jade,253368.19,8391.75,3,3024.21,1765195.19,2087859.95,677876.61,711770.44,89738.74,884619.92,1,2,4,1,10
IND55460,Mildred Hall,39,6553,22-09-1996,Victor Martinez,American,Human Resources Manager,Mid,Jade,256652.08,21247.05,1,2448.02,857452.21,342515.25,187830.94,317213.32,21356.26,670331.46,1,3,1,2,11
IND64186,Timothy Austin,25,6819,23-05-2008,Phillip Peters,European,Geologist I,Mid,Silver,155456.35,56270.88,2,11374.73,850612.73,2918088.55,1266340.31,534799.37,96425.36,426597.13,3,2,1,2,12
IND65738,John Torres,41,11470,25-07-1995,George Lewis,European,Help Desk Operator,Mid,Jade,110274.57,17670.60,1,2629.15,488286.58,660940.82,468166.41,79312.90,35583.41,734974.13,1,1,1,2,13
IND38016,Todd Russell,48,10983,29-08-2013,Ernest Rivera,Asian,Design Engineer,Mid,Platinum,75703.68,30983.20,1,1499.65,462891.04,1781157.80,1274449.12,187942.86,72572.38,2054733.06,2,3,2,2,14
IND97456,Robert Sanchez,64,12707,03-11-2018,Jeremy Vasquez,European,Research Associate,High,Platinum,184290.87,36991.36,1,2351.04,386783.04,489242.88,241359.82,104306.58,18244.80,287864.64,0,2,2,2,15
IND94167,Larry Phillips,60,14880,01-01-2020,Carl Nguyen,European,Financial Analyst,High,Gold,302653.21,32413.44,1,6911.62,1027643.33,605550.52,208995.31,392268.12,35796.95,224344.60,2,2,3,1,1
IND54473,Lawrence Mitchell,44,5299,20-01-1999,Victor Ramos,European,Computer Systems Analyst IV,High,Gold,211242.43,28260.60,1,2778.24,616290.21,696707.01,443359.00,396851.55,44530.06,1336291.03,0,5,3,1,2
IND32547,Wayne Hart,17,29676,30-05-2021,Adam Hernandez,Asian,Help Desk Technician,High,Jade,123939.66,43769.35,1,1731.52,1876810.69,3498983.55,941105.92,986230.74,94340.84,2627767.21,1,5,3,2,3
IND78611,Peter Porter,40,10300,02-06-2012,Roger Alexander,Asian,Chief Design Engineer,Mid,Platinum,52433.52,15258.24,1,1205.98,184632.03,46784.32,55657.21,26755.79,1485.82,279016.73,1,1,3,2,4
IND15955,Susan Dunn,20,2035,08-12-2011,Jason Duncan,Asian,Programmer Analyst IV,Mid,Jade,175521.36,9585.66,2,3226.24,214473.24,1065362.14,532681.07,288300.04,23692.05,1671865.90,2,4,3,2,5
IND15581,Jonathan Hunter,35,28131,26-09-2010,Douglas Tucker,Australian,Financial Advisor,Mid,Silver,352957.97,64102.72,1,4321.77,882153.62,469038.88,161013.35,98288.15,18318.87,2186957.29,2,4,3,2,6
IND29679,Lawrence Harrison,33,19132,29-09-2013,Gregory Simmons,American,Software Engineer III,High,Gold,274096.63,11739.91,2,4556.65,290026.74,484808.70,239256.24,249833.89,59326.17,480522.54,3,4,3,1,7
IND30445,Beverly Carter,37,9034,09-10-2004,James Castillo,Australian,Junior Executive,High,Silver,271874.74,22229.62,1,5568.79,999814.28,941401.35,460468.05,365816.29,33233.14,433363.69,3,2,4,1,8
IND90272,Betty Meyer,45,28631,24-04-2009,Dennis Ruiz,Asian,Database Administrator III,High,Gold,175522.51,63412.96,1,4634.56,938338.98,1065811.13,317475.66,955148.19,66724.53,250774.57,3,4,4,1,9
IND25035,Carlos King,65,20905,20-10-2021,Victor Ramos,Asian,Research Associate,Mid,Jade,268391.40,42700.95,3,4490.67,1176709.84,1827640.07,609213.36,649827.58,23319.15,1900317.77,1,5,1,2,10
IND25593,Anna Reed,56,7445,17-02-2015,Phillip Peters,American,Systems Administrator IV,Mid,Gold,147925.26,70885.80,2,4771.44,1070645.76,699992.06,533743.95,208160.14,32094.00,1732155.84,1,4,2,2,11
IND79190,Annie James,63,24920,14-09-2000,James Castillo,Asian,Research Assistant I,High,Jade,60986.65,24094.80,1,2322.57,668879.54,1073972.86,772506.79,181444.89,33764.54,310784.09,2,2,3,1,12
IND31341,Joseph Kennedy,45,5971,02-10-2000,Frank Brown,Asian,Budget/Accounting Analyst III,Low,Gold,204585.56,53799.56,3,43.68,350035.96,359180.23,216492.19,181853.44,27853.00,226370.31,0,2,4,2,13
IND49233,Kenneth Perkins,48,24729,04-08-2005,Raymond Alexander,American,Computer Systems Analyst I,High,Jade,294392.38,29599.72,1,125.19,533201.82,243942.32,197677.39,180559.37,28223.10,1004235.85,3,3,1,2,14
IND82834,Brandon George,37,25799,02-12-2020,Roy Rice,European,Analog Circuit Design manager,High,Jade,165050.63,13828.65,1,6542.43,243394.58,2069961.10,680725.46,786446.29,79502.08,1209823.83,1,4,1,1,15
IND64549,Roger Hunter,77,21326,12-09-2013,Joshua Bennett,European,Human Resources Manager,Low,Gold,295482.46,53716.96,1,2226.59,274761.43,116494.45,124010.22,60689.85,175.14,564437.39,3,4,1,2,16
IND63160,Clarence Baker,84,3296,11-03-2002,Shawn Wallace,Australian,Web Designer IV,Mid,Jade,93650.66,8067.48,1,7483.60,1489763.76,385805.43,246662.49,64701.47,23952.58,1116161.14,1,2,2,2,17
IND99412,Robert Lane,55,40601,09-03-1996,Donald Reynolds,European,Database Administrator III,High,Jade,77959.98,5382.40,2,2690.25,671360.68,2253058.98,952635.68,699355.56,60745.48,2207401.86,0,2,2,2,18
IND41977,Billy Gutierrez,75,8858,26-11-2017,Chris Armstrong,Australian,Human Resources Assistant III,Mid,Silver,116049.97,43763.58,2,646.38,278395.58,170837.10,66057.01,121294.34,5379.89,974568.11,1,2,3,2,19
IND54849,Kevin Harris,79,34339,03-08-2020,Paul Holmes,Asian,Engineer I,Mid,Jade,116714.92,13955.70,1,2723.74,516023.37,880569.59,352227.83,185658.16,65938.32,2117997.04,1,2,3,2,20
IND73662,Clarence Moreno,23,1792,31-10-2020,Paul Holmes,Asian,Computer Systems Analyst I,Low,Silver,357836.92,44869.68,1,10100.38,1483140.86,203097.34,88056.19,55589.02,40711.41,857606.35,0,2,3,2,21
IND58104,Douglas West,76,30088,05-11-2003,Dennis Ruiz,European,Speech Pathologist,Low,Platinum,355665.19,33963.75,1,5924.10,985822.43,1218185.05,435066.09,719102.09,69306.83,1015033.53,1,3,3,2,22
IND42259,Jeremy Sullivan,32,9576,12-01-2009,Samuel Fowler,European,Database Administrator III,High,Gold,311721.03,14891.40,1,5528.02,1453594.90,859353.81,479255.01,260285.05,71447.69,1468403.35,0,4,3,1,1
IND96983,Roger Williams,22,5388,25-01-2013,Shawn Wallace,Asian,Project Manager,Low,Jade,57955.11,14284.58,1,2026.86,569742.42,1100932.88,260961.87,682089.08,33544.56,230177.46,3,1,3,1,2
IND15092,Eric Mendoza,77,6407,16-12-2001,Dennis Ruiz,American,Editor,Mid,Silver,210595.73,28588.56,1,8276.84,784128.83,2080505.71,703269.54,396175.17,30445.03,299258.01,1,4,3,2,3
IND52181,Nicholas Mitchell,73,13585,29-11-2016,George Lewis,Asian,Food Chemist,High,Jade,439388.92,46346.70,1,855.65,1428253.22,1051950.53,400198.57,624309.77,21641.11,1061775.40,1,5,4,2,4
IND14614,Robert Washington,65,34530,18-08-2018,Shawn Cook,European,Staff Accountant II,Mid,Jade,130987.36,41223.70,1,4484.26,529607.93,589706.09,631234.69,101662.01,49008.52,544902.07,2,5,4,1,8
IND75661,Karen Bradley,78,15030,16-09-2008,Victor Martinez,Asian,Database Administrator II,Low,Jade,169936.36,7795.80,1,3232.52,994804.79,638808.87,453108.61,301280.09,41118.41,434504.79,2,2,1,1,9
IND63878,Lillian Garrett,81,38395,31-03-2003,Mark Montgomery,Asian,Media Manager III,High,Silver,440439.33,36666.96,1,3399.18,1250526.42,1169638.99,406295.65,775409.09,53226.45,211540.60,2,4,2,1,10
IND60682,Ralph Cole,46,5940,07-08-2000,Bobby Burton,European,Health Coach III,High,Silver,407606.87,31157.80,1,4901.79,994316.57,302004.93,274549.94,166560.29,49432.85,914353.65,1,4,3,2,11
IND71119,Bobby Gardner,71,20204,12-06-2002,Nicholas Simmons,American,Staff Scientist,Mid,Silver,116733.05,45004.70,2,7012.68,1369673.32,418166.68,226802.27,127576.28,34458.24,401783.75,1,2,4,1,12
IND31796,Heather Welch,26,7151,18-06-2013,Joshua Bennett,European,Account Executive,High,Jade,67276.78,38611.96,1,1563.05,529250.59,135237.78,88680.51,87793.71,29212.00,614445.39,2,2,1,1,13
IND15290,Chris Nelson,79,8593,13-11-2017,Bobby Burton,Asian,Database Administrator II,Low,Silver,227427.30,24462.81,2,264.77,915680.57,96740.84,55088.54,41222.35,41414.78,418918.39,0,3,1,2,14
IND69222,Ernest Reynolds,56,6287,25-07-2013,Frank Brown,Asian,Accounting Assistant I,High,Silver,51486.64,3271.80,1,649.25,772340.31,412699.06,114638.63,210771.31,17877.91,232139.96,1,1,1,1,15
IND41761,Jacqueline Watkins,45,36961,18-07-2018,James Castillo,Asian,Civil Engineer,High,Jade,145733.44,42675.00,2,6157.46,1213139.81,801883.53,328390.40,326481.15,12662.21,1490464.24,1,3,2,1,1
IND65488,Bonnie Simpson,41,1066,07-05-2020,Jonathan Hawkins,American,Accountant II,Low,Silver,91981.56,8266.70,2,54.42,0.00,202898.00,130434.43,153043.07,11058.87,302676.56,1,1,2,2,2
IND99221,Alan Kennedy,39,35244,31-10-2021,Ernest Rivera,European,Research Assistant II,High,Jade,221101.24,42077.04,2,9935.62,1179223.36,137423.97,25767.00,75153.74,1963.84,1599843.07,3,2,3,1,3
IND71359,Wayne Woods,51,42096,06-05-2003,Jonathan Hawkins,Australian,Staff Accountant III,High,Silver,56751.75,44945.22,1,5764.83,916908.53,118377.03,76596.90,39853.60,63313.14,1774345.25,0,2,3,1,4
IND82515,Emily Sullivan,43,26789,11-09-2019,Patrick Graham,European,Administrative Officer,Low,Silver,217040.02,46771.27,1,558.29,232807.12,281401.58,151956.85,451930.93,28197.72,996154.25,0,4,3,1,5
IND85958,Kelly Grant,42,10882,09-04-2000,Keith Griffin,European,Developer II,High,Jade,346305.70,22081.79,1,732.08,1568709.34,1118447.01,634170.99,586319.90,492.08,1784867.57,3,4,3,2,6
IND68750,Virginia Scott,61,35370,03-02-2020,Joshua Little,European,Programmer IV,Mid,Gold,81243.91,13675.96,1,3895.87,766963.09,444257.95,390080.15,148663.88,34909.79,656503.02,0,2,3,1,7
IND91822,Joshua Allen,58,7210,11-08-2018,Ernest Rivera,European,Technical Writer,High,Platinum,184460.64,5971.84,2,3397.78,1177332.92,77019.89,31271.23,31433.38,47875.74,1890384.33,2,2,3,2,8
IND80931,Juan Griffin,25,28963,28-11-2015,Paul Larson,Asian,Actuary,Mid,Gold,91923.17,1662.84,1,3999.36,328211.76,563246.33,190285.92,207411.66,8284.09,208974.22,2,1,3,2,9
IND20616,Gerald Harrison,38,19066,28-09-2009,Stephen Payne,American,Accountant II,Mid,Jade,342649.03,54620.02,1,1371.63,2012623.19,2603230.63,886206.17,547232.31,56366.58,1928415.90,0,4,4,2,10
IND59654,Mark Rose,60,20907,12-03-2020,Jerry Green,Australian,Database Administrator I,High,Gold,153118.31,7345.65,1,386.70,476536.81,31217.84,20811.89,21988.22,10093.40,375326.96,2,1,4,1,11
IND56699,Paul Bell,45,31169,12-04-2018,Donald Reynolds,European,Statistician IV,High,Jade,124830.45,17836.56,1,843.70,66111.39,357447.81,213315.63,319627.53,25951.12,853225.95,0,2,3,2,12
IND45574,Janice Foster,55,26217,02-03-2005,Ernest Rivera,European,Technical Writer,Low,Jade,80104.87,31921.26,1,7.50,215709.90,38471.76,64119.59,8825.87,14874.69,465264.25,0,1,1,2,13
IND46000,Ralph Ford,62,4234,05-01-2002,Roger Alexander,Asian,Recruiter,Mid,Gold,95522.36,25063.35,1,1245.56,270996.64,171005.23,158050.29,79828.35,11632.42,660230.49,3,1,2,2,14
IND72516,Beverly Stewart,80,15353,27-05-2007,Shawn Wallace,American,Media Manager I,High,Jade,35717.95,25180.61,1,4212.42,0.00,561513.29,197455.22,427984.19,29525.71,914946.67,2,2,3,2,15
IND35302,Jessica Black,78,35348,31-05-2015,Joe Hanson,European,Product Engineer,High,Jade,209541.00,20205.12,1,988.85,69727.06,349744.28,394711.40,72397.07,3322.37,503201.66,0,2,4,2,16
IND80068,Ronald Hill,43,18605,23-08-2019,Donald Reynolds,European,Geologist III,Mid,Jade,229059.97,35876.79,1,10358.07,664298.72,2093007.37,582862.81,801171.43,47743.30,1631733.39,3,4,1,2,17
IND53480,Jack Palmer,61,23141,12-06-2002,Jesse Evans,African,Project Manager,High,Jade,116813.48,35734.40,1,8294.26,1512494.37,455464.41,233971.44,66291.91,10038.52,1088475.48,1,2,1,2,18
IND88872,Annie Morrison,72,24630,06-01-2018,Jeremy Vasquez,Asian,Programmer Analyst I,High,Gold,255097.36,45422.37,2,1845.77,841410.80,98999.73,27789.40,68500.87,33799.21,1198593.93,2,2,1,2,19
IND66621,Paul Wallace,81,37219,02-05-2009,Anthony Berry,European,Professor,Low,Silver,130296.27,7269.84,3,746.46,805317.55,581539.75,143148.25,292022.42,37479.78,856988.50,0,1,2,2,20
IND29174,Jerry Jackson,49,21473,02-10-2020,Stephen Payne,American,Account Coordinator,High,Gold,65006.54,43491.80,1,3575.55,346892.24,262181.50,127118.30,172880.89,34090.78,96305.35,2,2,2,2,21
IND98830,Kevin Walker,83,43305,05-09-2020,Jonathan Hawkins,European,Account Executive,High,Gold,152311.98,14530.06,1,2509.62,342021.00,244910.01,109895.52,253073.68,26021.55,753600.85,1,1,3,2,22
IND34318,Nancy Black,40,18785,30-10-2020,Bruce Butler,European,Engineer IV,High,Jade,185421.50,32352.00,1,1106.13,259398.71,92897.50,50830.70,84624.36,4548.42,586872.31,1,2,3,2,1
IND95108,Henry Little,25,31766,18-07-2006,Victor Martinez,Asian,Database Administrator I,Mid,Jade,54339.87,23045.20,3,2819.83,870569.31,982426.14,438956.36,311937.72,28292.75,282071.77,2,1,3,2,2
IND21281,Patrick Coleman,60,30896,11-05-2008,Mark Montgomery,European,Account Representative IV,Mid,Platinum,229493.03,64475.19,2,689.60,1959490.83,892214.75,465788.58,108443.45,34932.84,1313564.36,2,3,3,2,3
IND86574,Carlos Anderson,54,3316,22-08-1999,Stephen Payne,Asian,Web Designer I,High,Platinum,181040.17,44591.61,1,6249.78,1164820.92,1128622.56,626097.18,225394.99,7572.96,580150.86,2,2,3,2,4
IND25843,Carolyn Snyder,67,11279,03-06-2013,Joe Price,European,Nuclear Power Engineer,High,Jade,182458.47,4511.56,2,2241.62,548946.16,351614.29,188072.76,134676.45,14156.86,1340059.22,2,2,3,1,8
IND15764,Jennifer Fields,71,13846,27-10-2019,Joshua Bennett,Asian,Office Assistant III,High,Jade,291240.72,23770.26,2,3655.52,1016372.58,426063.72,119297.84,159518.26,46176.40,1468523.42,1,2,3,2,9
IND70765,Victor Carter,48,43328,08-03-2006,Dennis Morris,American,Office Assistant III,Mid,Gold,49043.13,4382.85,1,4305.68,617980.37,949361.04,718435.38,136844.84,6145.36,139564.53,2,2,4,2,10
IND88371,Jose Stanley,73,14100,23-05-2021,Mark Montgomery,European,Community Outreach Specialist,High,Platinum,75068.87,29197.56,1,5644.76,498253.45,75457.28,16285.74,43700.08,46587.82,1406014.00,2,1,4,1,11
IND28842,Frank Nelson,71,19003,29-08-2020,Roy Rice,Australian,Computer Systems Analyst III,High,Gold,161766.54,31767.39,2,3231.45,1212157.09,1863378.06,815227.90,543041.61,19827.76,1344797.90,2,3,3,2,12
IND90911,Chris White,31,11394,19-02-2000,Dennis Morris,American,Environmental Specialist,High,Silver,92005.32,32561.76,1,1654.39,637776.81,321318.75,357020.84,105321.15,20584.97,578961.56,0,2,1,2,13
IND52021,Joseph Nichols,63,42732,02-09-2020,Roy Rice,Asian,Programmer Analyst III,Mid,Gold,115626.26,58417.06,2,5614.88,187115.25,807585.35,741208.47,306661.18,24320.83,1336128.26,0,3,2,2,14
IND71090,Mary Martinez,18,7217,22-06-2021,Jerry Green,Asian,Environmental Specialist,Low,Jade,71411.33,4823.01,3,180.55,325297.05,245247.34,103548.88,168948.17,335.83,395131.85,1,1,3,2,15
IND60722,Larry Bowman,76,33141,17-04-2019,Joe Hanson,European,Marketing Manager,High,Platinum,198017.13,15203.16,1,2452.50,1069184.10,407035.70,140481.35,199951.79,33131.11,867514.93,3,2,4,1,1
IND77027,Laura Burton,28,42731,06-06-2001,Benjamin Kim,European,Research Assistant II,Mid,Silver,70495.44,11339.19,1,1975.41,216251.88,342290.02,307283.09,86583.82,16865.32,176758.72,2,1,1,1,2
IND45186,Gregory Price,49,41911,16-09-2018,Victor Martinez,European,Systems Administrator I,High,Silver,96190.36,29582.24,1,661.74,684939.18,605732.45,291648.96,209987.25,23267.91,195103.90,3,1,1,2,3
IND84015,Kelly GoPKRalez,76,1178,30-01-2004,Anthony Torres,European,Accounting Assistant IV,Mid,Silver,234323.74,51258.31,1,5762.91,1467976.67,650421.08,207866.53,518191.15,3080.31,908973.20,3,3,1,2,4
IND66550,Patricia George,78,868,12-02-1996,Joshua Bennett,Asian,Software Consultant,Mid,Silver,91924.73,59506.26,1,5841.58,1344156.26,0.00,0.00,0.00,81434.11,1195526.28,0,4,2,2,5
IND35051,Ronald Ryan,66,41342,12-03-1996,Jerry Green,European,Analyst Programmer,Low,Silver,31557.79,24787.62,1,1470.69,316354.32,162241.38,141592.48,105840.38,8162.06,70239.77,0,1,2,1,6
IND91538,Shawn Hill,35,4581,14-03-2004,Victor Ramos,European,Budget/Accounting Analyst I,High,Jade,473184.82,23686.46,2,2894.90,1595011.28,165852.29,98003.63,62270.00,6270.50,412057.18,2,4,3,2,7
IND30644,Chris Hill,46,31647,27-05-2008,Chris Armstrong,American,Programmer Analyst I,High,Silver,202980.69,24450.97,1,2407.49,734192.11,811487.49,811487.49,205126.00,1680.18,1592898.72,0,4,3,2,8
IND78937,Andrew Martinez,63,34753,06-04-2020,Bobby Burton,Asian,Accountant III,Mid,Silver,84601.66,6177.33,1,3009.05,429537.23,895244.83,407451.17,178073.38,4299.61,258774.75,1,1,3,2,9
IND25670,Johnny Watkins,29,8353,28-11-2005,Dennis Morris,European,Account Representative IV,Low,Silver,59708.25,56647.50,2,4592.30,404115.08,2345848.66,567296.74,589221.99,46247.69,2494142.89,2,3,3,2,10
IND58212,Alan Wheeler,59,38504,03-06-2015,Joshua Bennett,Asian,Research Nurse,Mid,Jade,162559.04,31014.00,1,5916.80,739928.32,106405.89,32586.80,30186.02,29937.28,364451.84,1,1,3,2,11
IND74531,Edward Mitchell,37,5746,21-02-2021,Shawn Cook,European,Safety Technician III,Mid,Silver,216722.12,35115.80,1,7380.73,0.00,1626699.65,489147.45,667856.90,21932.98,1678425.39,0,5,3,2,12
IND49953,Harry Smith,53,25812,03-01-1999,Anthony Simpson,Asian,Computer Systems Analyst IV,High,Jade,428363.55,46266.30,2,2560.73,825031.40,254964.46,112721.13,127643.26,55129.55,1196463.06,3,4,3,2,13
IND88814,Aaron Edwards,48,2363,17-04-2000,Ernest Rivera,Asian,Pharmacist,High,Jade,195942.17,55171.60,2,7708.61,1747294.72,921893.17,417836.47,284659.39,112205.36,195747.47,0,4,4,2,14
IND49516,Kenneth Riley,50,35647,04-08-2020,Joe Price,European,Web Developer IV,High,Gold,100945.48,33938.46,2,4280.74,1488351.00,958002.59,271132.81,271735.33,27191.10,716923.99,2,2,4,2,15
IND17543,Kevin Ellis,82,899,08-07-2015,Anthony Simpson,European,Computer Systems Analyst II,High,Platinum,266108.68,8389.02,1,557.04,602721.03,39035.57,41037.39,4864.43,19652.37,424460.04,3,2,1,1,16
IND54739,Sean Chavez,24,4701,25-01-2001,Bruce Porter,Asian,Marketing Manager,High,Jade,136517.33,16272.62,1,4758.85,833335.07,65946.87,34407.06,52604.57,53509.64,345459.28,2,4,2,1,17
IND70122,Bobby Wright,47,10011,25-05-2019,Jeremy Vasquez,European,Associate Professor,Mid,Platinum,138181.23,25128.00,2,505.78,171992.93,946880.85,514447.07,231128.40,52983.77,1465894.64,1,2,3,1,18
IND53005,Janet Nguyen,60,17118,02-12-1996,Chris Armstrong,Asian,Engineer IV,High,Silver,82561.55,18069.64,2,1565.98,90144.59,76544.84,126073.86,20411.96,9492.09,330864.37,0,1,4,2,19
IND99246,Richard Gomez,43,10714,10-10-2015,Nicholas Cunningham,American,Executive Secretary,Mid,Platinum,235695.74,19555.95,1,7227.13,77362.79,981482.26,654321.51,592273.78,14202.10,871087.37,2,4,1,1,20
IND79699,Ernest Long,44,36679,27-09-2012,Phillip Peters,Asian,Programmer Analyst II,High,Jade,59762.85,4970.89,2,1420.68,256985.09,126048.49,84032.32,17286.65,8019.07,465859.42,0,1,1,2,21
IND81435,Roger Spencer,80,870,16-11-2009,Bruce Butler,European,Community Outreach Specialist,High,Jade,329678.70,43425.69,1,3289.29,757623.30,316130.58,351822.74,172291.16,39091.90,176177.31,3,3,1,1,22
IND44710,Paul Boyd,40,11856,28-06-2018,Victor Martinez,European,Budget/Accounting Analyst II,Low,Platinum,73487.40,42877.11,1,3080.59,369800.94,322387.40,150794.11,284272.89,16929.27,93946.80,1,2,2,2,1
IND69069,Donald Butler,21,5292,15-03-2018,Gregory Simmons,American,Help Desk Technician,High,Gold,102452.22,15198.68,1,28.01,214464.31,307762.40,138868.40,234087.09,19838.82,285724.57,2,1,2,1,2
IND94927,Betty Rose,28,40673,15-03-2002,Stephen Payne,European,Social Worker,Low,Platinum,26171.50,9578.40,1,2609.83,676530.61,368643.58,215695.71,213538.75,30805.40,521730.82,1,1,3,2,3
IND21170,Phyllis Lawrence,50,36544,30-05-2003,Nicholas Cunningham,Asian,Statistician IV,High,Gold,202295.22,26062.22,2,4071.50,214711.06,404575.54,296207.09,37062.01,46494.91,1263947.73,2,2,3,1,4
IND28755,Eugene Robinson,43,32919,24-12-2020,Chris Armstrong,Asian,Engineer I,High,Jade,98325.12,42326.40,1,1172.81,821532.60,360444.89,188804.47,153789.82,4659.48,1272622.18,3,2,3,1,8
IND29416,Sharon Cook,85,2381,23-08-2005,Frank Brown,European,Internal Auditor,High,Platinum,66889.57,5156.80,2,324.06,422696.49,173410.99,63443.05,94741.62,23387.19,84366.59,1,1,3,2,9
IND61034,Thomas Jenkins,46,9519,25-04-1995,Jeremy Vasquez,European,Account Representative III,Mid,Jade,258230.37,10956.92,1,466.93,1294321.35,1120446.35,330491.37,437538.33,62722.69,2502530.26,0,3,3,2,10
IND78545,Marilyn Flores,74,291,14-08-2000,Benjamin Kim,American,Assistant Professor,Mid,Gold,160452.71,20490.24,2,7265.87,1207473.72,243863.04,188703.54,108722.27,27445.99,1886543.90,1,5,3,1,11
IND98856,Lisa Owens,32,21238,20-07-2020,Roger Alexander,Australian,Account Executive,Mid,Jade,88492.45,32749.86,3,6858.09,649790.67,593455.89,293467.20,448352.67,26095.09,1582188.92,2,3,3,1,12
IND76287,Christine Stephens,26,19265,27-02-2016,Dennis Morris,Australian,VP Marketing,High,Silver,201968.19,61581.24,1,5404.02,1368188.09,1234416.49,840453.78,496393.01,37952.12,1668971.99,2,3,4,2,13
IND45303,Michael Ortiz,40,24187,01-04-2016,Frank Brown,European,Assistant Professor,High,Silver,186416.57,10340.47,1,2210.54,50845.04,661637.72,393281.16,54134.00,54999.96,1705043.10,1,2,4,1,14
IND35316,Harry Holmes,37,31390,06-11-2005,Dennis Morris,Asian,Office Assistant I,Low,Gold,90677.95,2017.40,2,1445.71,66006.57,369235.45,221541.27,115318.06,3017.44,442531.90,2,1,1,2,15
IND84401,Steve Dean,45,17062,23-03-2004,Jonathan Hawkins,Australian,Librarian,High,Gold,82847.03,10579.84,3,5702.53,878032.06,1193658.09,716194.85,226244.12,14165.63,1420808.90,1,2,2,1,1
IND49213,Ryan Sanchez,20,35489,21-07-1996,Joshua Little,Asian,Staff Accountant II,High,Jade,201867.47,11760.00,2,1309.11,1286811.44,465096.93,313845.89,52068.17,37946.98,1169189.59,0,2,3,2,2
IND97338,Barbara Duncan,37,18640,26-08-2007,Phillip Peters,Asian,Speech Pathologist,High,Gold,27107.94,20852.16,1,567.38,132835.35,173962.47,100715.11,101356.03,24574.68,196701.15,0,1,4,1,3
IND76090,Martin Morrison,57,16232,27-09-2020,Joshua Little,Asian,Speech Pathologist,High,Jade,117682.74,34088.67,1,395.48,594429.73,2311699.75,1208049.55,297538.13,61770.46,1528636.54,2,2,1,1,4
IND92942,Evelyn Murray,44,38658,11-06-2018,Jerry Green,European,Dental Hygienist,High,Jade,145534.93,18154.20,2,3260.57,1153058.20,2031820.31,654884.23,1218924.27,683.47,570962.89,2,3,1,1,5
IND90141,Helen Evans,72,9804,15-01-2018,Mark Montgomery,European,Financial Advisor,Mid,Platinum,17723.13,3331.50,1,81.32,375034.47,144824.70,67675.09,79179.86,16634.22,302632.65,0,1,1,1,6
IND59125,Diana Daniels,28,32599,26-07-2003,Keith Griffin,American,Accountant I,High,Platinum,327602.70,51064.26,1,2176.04,501402.10,644225.20,583284.98,258560.66,48517.12,460534.03,1,3,2,2,7
IND46331,Annie Knight,73,1007,02-09-1996,Jerry Green,European,Graphic Designer,High,Gold,194912.82,14289.28,2,3876.36,322239.51,397157.76,268255.68,63301.37,8151.82,1705763.21,2,2,2,1,8
IND25095,Stephen Jordan,43,15224,15-10-1995,Gregory Simmons,Asian,Media Manager II,Low,Gold,59131.74,9959.66,1,1710.54,820453.73,1166648.17,228066.56,389467.51,31424.52,1377643.79,3,3,3,1,9
IND87283,Rachel Snyder,22,38059,09-10-2006,James Castillo,Asian,Database Administrator I,High,Silver,69983.46,45892.74,1,5292.97,318410.85,891613.21,517135.66,426904.40,50264.61,751781.69,3,2,3,2,10
IND96588,Daniel Johnson,84,41448,10-08-2008,Douglas Tucker,American,Office Assistant III,High,Gold,210247.91,13843.76,1,970.85,1466637.93,2350808.69,407473.51,1426470.71,75744.50,1547360.55,2,2,3,1,11
IND44048,Donna Reid,70,8057,05-09-2021,Jonathan Hawkins,American,VP Accounting,Mid,Jade,242469.24,26585.24,1,5095.50,783262.95,41509.99,40997.52,7892.02,20251.93,533964.70,0,3,3,2,12
IND73301,Jesse Gray,55,34234,08-07-2008,Carl Nguyen,Australian,Human Resources Assistant IV,High,Silver,153473.23,14605.89,1,5800.37,123383.77,459218.95,103694.60,271976.13,772.16,368074.51,0,2,3,2,13
IND15363,Juan Riley,56,1496,26-06-2000,Nicholas Cunningham,Asian,Programmer III,High,Gold,146380.61,15563.67,1,5958.39,338237.20,665273.41,175308.53,142584.27,65572.50,1196080.23,2,2,3,1,14
IND28655,Donna Robertson,62,13837,03-04-2019,Paul Holmes,Asian,Occupational Therapist,High,Jade,189942.07,14572.90,3,690.75,363101.74,97468.62,98671.94,13862.20,36494.23,1207066.04,3,2,3,2,15
IND71338,Robin Hawkins,47,36561,21-07-2011,Dennis Ruiz,American,Information Systems Manager,Mid,Jade,50793.90,26256.45,2,1853.87,247586.63,257863.78,157583.42,130221.21,26028.49,126120.75,0,1,4,1,16
IND18100,Timothy Harrison,57,35813,21-12-2012,Paul Holmes,Asian,Database Administrator III,Mid,Jade,388875.54,6121.57,1,1164.89,504681.83,152384.27,173299.76,67766.18,42886.55,175106.32,1,4,4,1,17
IND35375,Sharon Johnston,62,6553,16-01-2002,Jonathan Hawkins,American,Web Designer II,High,Gold,231903.49,7407.72,1,317.83,670385.28,537536.44,190104.35,321145.24,13484.96,125841.84,1,2,1,1,18
IND77446,Timothy Myers,30,23496,20-04-2005,Paul Holmes,American,Associate Professor,Mid,Silver,70262.85,18440.98,2,4643.48,172240.45,474980.57,209110.94,94996.11,3304.48,166402.69,2,1,2,2,19
IND57619,Carl Bailey,68,30677,04-02-2014,Shawn Long,Asian,Recruiter,High,Gold,173669.62,26695.20,1,6116.89,936230.84,524300.80,207372.70,163667.93,874.59,230184.26,1,2,3,1,20
IND32973,Annie Reyes,34,38399,16-06-2005,Steve Diaz,European,Recruiter,Mid,Platinum,150110.25,30599.00,3,2879.07,948876.15,365701.59,208514.07,75225.46,10319.28,385864.35,0,2,4,1,21
IND91469,Teresa Ryan,33,11471,03-10-2003,Stephen Payne,Asian,Computer Systems Analyst II,High,Silver,49991.15,1875.06,1,107.72,243590.88,829387.33,581280.01,150565.70,15509.64,504766.68,2,1,1,1,22
IND66158,Tammy Kennedy,78,24930,06-11-2014,Joshua Little,European,Health Coach II,Mid,Jade,305897.02,45816.36,1,4924.51,715867.89,97927.53,88010.82,34510.16,32039.68,1358921.53,3,2,1,1,1
